mission_id,crew_size,mission_duration_days,distance_to_target_km,fuel_capacity_kg,payload_mass_kg,mental_health_score,solar_flare_risk,mission_cost_millions,anomaly_detected,mission_success_score,mission_outcome,mission_type_Rescue,mission_type_Resupply,duration_bin_medium,duration_bin_long
MSN_0000,1.5107173934651066,1173.0,-0.3378570908952993,-0.20280694573907,725.61,-1.0679714212327076,0.2755031921160524,254.79,0,80.82,Success,False,False,False,True
MSN_0002,0.5129630931967767,1464.7,0.5063203808224703,0.3456544381692007,810.49,-0.11827444344080056,-1.4880382943568107,261.06,0,91.95,Success,False,False,False,True
MSN_0003,1.5107173934651066,1833.2,1.3590118108167186,1.5336232198431021,1220.5,0.06119585157499306,-0.4968507435654934,574.26,0,82.8,Success,True,False,False,True
MSN_0004,-0.4847912070715532,1678.2,1.026103703136452,0.6503197402032167,927.37,0.6818639551712785,0.6359350287674405,290.14,0,87.37,Success,False,False,False,True
MSN_0005,0.5129630931967767,1505.8,0.5332195533481554,0.7809712611673529,978.6,0.9211576818590034,0.983494299824136,460.06,0,88.98,Success,True,False,False,True
MSN_0007,1.5107173934651066,1206.7,-0.25882534776364224,0.19106282456457735,815.78,1.22775276917765,-1.623200233101081,434.06,0,98.25,Success,True,False,False,True
MSN_0008,-0.9836683572057182,1133.8,-0.39375307784087404,-0.6471105112053434,616.29,1.399745135234452,-1.681126778277197,206.58,0,96.43,Success,False,False,False,True
MSN_0009,-0.4847912070715532,1063.2,-0.5242387427303783,-0.6355456049144005,552.76,0.4874378022375021,1.1701465009471763,211.99,0,85.76,Success,False,False,False,True
MSN_0011,-0.4847912070715532,1063.3,-0.4861727118855441,-0.5180795503584094,588.4,1.2352306981366414,0.8740774922692502,229.03,0,87.61,Success,False,False,False,True
MSN_0012,-0.4847912070715532,1071.5,-0.527138424172367,-0.41993744750299705,690.05,-1.1053610660276647,2.804962331473115,228.77,0,75.17,Success,False,False,False,True
MSN_0013,0.5129630931967767,1614.9,0.7918464598336401,0.44097283779009444,873.69,1.3100099877265554,1.1379650869604454,486.56,1,89.92,Success,True,False,False,True
MSN_0016,1.0118402433309417,640.1,-1.5543659988344196,-1.6902355939190048,376.54,0.34535715201666545,0.29481204050809107,164.42,0,88.96,Success,False,False,True,False
MSN_0017,0.5129630931967767,1809.6,1.22087592254835,1.2997714841425887,1045.25,-2.279395912589314,0.4879005244284773,306.86,0,57.08,Failure,False,False,False,True
MSN_0018,-0.9836683572057182,996.9,-0.8261757847962092,-1.105458931020703,490.86,0.3229233651396913,-0.6191401167150716,146.98,0,92.73,Success,False,True,False,True
MSN_0019,0.014085943062611756,1457.7,0.5224845624778132,0.35483761216667997,876.45,1.22775276917765,-0.7929197522434194,278.73,1,96.15,Success,False,False,False,True
MSN_0020,1.0118402433309417,1397.9,0.3508480992519972,0.09459038970870627,742.58,-1.7185512406649588,-0.7607383382566884,279.58,0,66.65,Success,False,False,False,True
MSN_0023,0.014085943062611756,942.1,-0.9659157521601459,-0.5488210847029119,578.32,0.36031300993464827,0.13390497057443554,130.79,0,100.0,Success,False,True,False,True
MSN_0024,0.5129630931967767,672.1,-1.5287624286551555,-1.1972415631131557,480.82,-0.4921708913903706,-1.4172391835860023,180.99,0,81.01,Success,False,False,True,False
MSN_0025,-1.4825455073398832,240.6,-2.66605450741313,-2.695572161172451,121.98,0.7715991026791753,-0.16860032090083651,175.82,0,88.02,Success,True,False,False,False
MSN_0027,-0.9836683572057182,1561.2,0.6286005641846442,0.6402526243236275,891.48,0.8538563212280808,-0.657757813499149,274.83,0,93.66,Success,False,False,False,True
MSN_0028,1.0118402433309417,1409.0,0.34745485501137213,0.3027832568868512,785.96,0.12101928324692428,-0.722120641472611,279.37,0,87.96,Success,False,False,False,True
MSN_0030,0.014085943062611756,1633.4,0.8722971960113773,1.249460458685811,1067.1,0.05371792261600167,1.8652650430605673,489.71,0,77.48,Success,True,False,False,True
MSN_0031,-1.4825455073398832,952.6,-0.735175143797619,-0.4504825503181414,625.08,0.8613342501870721,1.8652650430605673,139.45,0,93.38,Success,False,True,False,True
MSN_0032,-1.4825455073398832,921.0,-0.9283432841139485,-0.7339332471815105,508.8,0.9062018239410206,-0.3488162392265305,139.96,0,100.0,Success,False,True,False,True
MSN_0033,-0.4847912070715532,984.5,-0.7559047813403484,-0.798313680928544,532.88,0.7491653158022011,-1.0439347813399218,143.67,1,100.0,Success,False,True,False,True
MSN_0034,-0.4847912070715532,1286.1,-0.01648601363315938,-0.0234404054941887,735.79,-1.3072651479204325,-1.076116195326653,248.94,0,74.93,Success,False,False,False,True
MSN_0036,-0.9836683572057182,1274.0,-0.12334235953794463,-0.22709079355593315,736.64,-0.5819060388982674,-1.3593126384098864,247.17,1,89.22,Success,False,False,False,True
MSN_0037,0.014085943062611756,1402.0,0.308401698569265,0.4946723071282948,925.08,0.8762901081050549,0.7839695331064035,165.45,0,94.5,Success,False,True,False,True
MSN_0038,0.014085943062611756,1677.2,0.9357200156361574,0.6755611917256996,890.52,-0.7314646180780946,-1.3593126384098864,306.4,0,76.37,Success,False,False,False,True
MSN_0039,1.5107173934651066,1323.3,0.07377428316747621,0.15189928839885708,806.58,0.6369963814173301,0.713170422335595,269.92,0,81.4,Success,False,False,False,True
MSN_0040,1.0118402433309417,757.1,-1.3287461045077456,-1.871517341575125,183.91,-0.18557580407172317,1.3632349848675627,213.76,0,76.59,Success,False,False,False,True
MSN_0041,1.0118402433309417,1315.6,0.04872597113667815,-0.10088353594351865,759.18,-1.9802787542296578,-0.3101985424424532,271.76,0,64.69,Success,False,False,False,True
MSN_0042,1.5107173934651066,892.2,-1.0702425887219198,-0.5098539800665499,668.35,1.1754072664647102,0.2755031921160524,220.38,0,100.0,Success,False,False,False,True
MSN_0043,1.0118402433309417,819.3,-1.1236090663244827,-0.8805448299059715,529.64,0.09858549636995007,-0.08492864453533562,203.95,0,88.85,Success,False,False,False,True
MSN_0044,-0.4847912070715532,700.8,-1.3501543908986005,-1.011540106046484,529.98,1.5567816433732715,-0.9216454081903437,295.42,0,96.51,Success,True,False,True,False
MSN_0046,1.5107173934651066,1056.2,-0.6138820860327182,-0.5751429096368631,581.79,-0.20053166198970598,-0.8765914286089201,236.77,1,88.75,Success,False,False,False,True
MSN_0047,0.014085943062611756,1673.9,0.955647613631103,1.2220828142815612,1099.29,-0.11079651448180916,0.16608638456116664,198.83,0,99.49,Success,False,True,False,True
MSN_0048,-1.4825455073398832,2084.5,1.9991627606481575,2.0651669382854276,1292.6,0.4350922995245623,-0.45179676398407004,555.86,0,92.77,Success,True,False,False,True
MSN_0049,-0.4847912070715532,1008.0,-0.6198665349661849,-0.5378209190588732,610.37,-1.3596106506333723,-1.681126778277197,197.33,0,73.77,Success,False,False,False,True
MSN_0050,0.5129630931967767,1662.8,0.9161008943903592,1.2751438811493492,1114.55,0.7416873868432098,-0.6641940962964952,308.8,0,99.3,Success,False,False,False,True
MSN_0051,-0.4847912070715532,1118.1,-0.4542145206738358,-0.7038301153074209,597.32,1.6240830040041943,0.867641209471904,154.66,0,98.01,Success,False,True,False,True
MSN_0052,1.5107173934651066,638.6,-1.6166783021622682,-1.6374937282864237,337.04,0.6594301682943043,-0.20078173488756762,202.5,0,84.83,Success,False,False,True,False
MSN_0053,0.5129630931967767,1506.5,0.5596251630752038,0.08194511000629483,773.27,0.23318821763179445,-0.3423799564291843,464.15,0,78.33,Success,True,False,False,True
MSN_0054,-1.4825455073398832,1341.7,0.1282512770669715,-0.1645764593377997,699.4,-1.4194340823053035,-1.0696799125293068,398.4,0,67.45,Success,True,False,False,True
MSN_0055,1.5107173934651066,1935.3,1.5933924448191894,1.7964977140062368,1142.19,-0.7389425470370861,0.2690669093187062,348.28,0,80.1,Success,False,False,False,True
MSN_0056,-0.9836683572057182,679.2,-1.5092666981090166,-1.7163364333824283,405.82,0.06867378053398447,0.5844447663886706,172.9,0,90.27,Success,False,False,True,False
MSN_0057,0.014085943062611756,2268.9,2.498463226818727,2.55518994220974,1358.37,-0.462259175554405,0.867641209471904,618.07,0,72.54,Success,True,False,False,True
MSN_0058,-1.4825455073398832,1851.8,1.383998427497687,1.7374945933753745,1145.34,1.2800982718905898,0.9706217342294435,187.75,0,100.0,Success,False,True,False,True
MSN_0060,1.0118402433309417,1164.0,-0.3654349122691095,-0.22198357379262937,576.35,1.6240830040041943,-0.29732597684776074,185.16,1,96.35,Success,False,True,False,True
MSN_0061,-0.9836683572057182,984.9,-0.7514627161526208,-0.5714107105790641,657.83,-0.9707583447658195,-1.436548031978041,140.91,1,83.89,Success,False,True,False,True
MSN_0062,-0.9836683572057182,1312.0,0.012510800786730676,-0.2873461651864523,731.85,0.1658868570008727,-0.5290321575522245,418.79,0,86.71,Success,True,False,False,True
MSN_0063,-1.4825455073398832,1173.5,-0.2592572152124491,-0.43867210461550116,714.84,-1.426912011264295,-1.288513527639078,375.13,0,71.01,Success,True,False,False,True
MSN_0065,0.5129630931967767,1177.0,-0.3614247145301884,-0.4636189088439475,633.0,0.9361135397769862,-0.9731356705691134,165.26,0,100.0,Success,False,True,False,True
MSN_0066,-0.9836683572057182,1791.5,1.2203823597497134,1.353937478363014,1067.85,0.6818639551712785,-1.681126778277197,503.52,0,90.53,Success,True,False,False,True
MSN_0067,0.014085943062611756,1279.0,0.026700731247527518,-0.16732650074880928,700.67,-0.8286776945449829,0.37848371687359195,168.88,0,77.64,Success,False,True,False,True
MSN_0068,0.014085943062611756,1176.1,-0.32669023257615026,-0.3249136951761398,738.98,0.23318821763179445,-1.1211701749080765,158.13,0,87.26,Success,False,True,False,True
MSN_0069,1.5107173934651066,1620.8,0.8588476097485345,0.5398515588805991,892.98,-0.5744281099392761,-0.27158084565837587,315.91,0,82.81,Success,False,False,False,True
MSN_0070,0.014085943062611756,647.2,-1.5905811691843672,-1.2681042373289977,471.42,-0.424869530759448,0.05666957700628088,284.23,0,80.33,Success,True,False,True,False
MSN_0071,1.5107173934651066,1423.8,0.22653196934544867,0.11813761929047763,769.16,-0.23044337782567156,-1.4172391835860023,493.61,0,85.18,Success,True,False,False,True
MSN_0072,0.014085943062611756,1223.8,-0.06534873069816523,0.24100554090380902,887.33,-0.8735452682989312,-0.6899392274858799,152.62,0,82.85,Success,False,True,False,True
MSN_0073,0.5129630931967767,716.5,-1.3946984334755372,-1.375601391770078,331.01,-0.6716411864061642,0.6874252911462102,321.42,0,66.73,Success,True,False,True,False
MSN_0074,1.5107173934651066,619.5,-1.67016817046449,-1.986699879602331,215.89,-0.6417294705701986,0.26263062652135993,139.35,0,76.49,Success,False,True,True,False
MSN_0076,1.0118402433309417,1580.0,0.8019644972056866,0.45764496384434133,961.75,-2.9823212347345045,-0.6963755102832261,286.47,0,60.66,Success,False,False,False,True
MSN_0077,-1.4825455073398832,1276.3,0.07062782032616907,0.14119377004885483,785.64,-0.12575237239979195,0.44928282764440003,242.71,0,87.19,Success,False,False,False,True
MSN_0078,0.014085943062611756,1921.0,1.499615513078269,1.4062619269957097,1063.9,-1.0904052081096818,-0.6062675511203792,328.56,1,75.89,Success,False,False,False,True
MSN_0079,-0.9836683572057182,1397.4,0.31907499408977774,0.30378996847480977,886.66,-1.053015563314725,0.5908810491860169,259.82,0,75.36,Success,False,False,False,True
MSN_0080,0.014085943062611756,1699.6,1.0675629782219116,0.9016047741342386,998.89,-0.462259175554405,-1.6682542126825046,198.88,0,90.22,Success,False,True,False,True
MSN_0081,-0.9836683572057182,1446.4,0.2999494356426162,0.1784175448621659,870.5,0.11354135428793287,-1.0439347813399218,274.88,0,89.99,Success,False,False,False,True
MSN_0082,1.0118402433309417,1148.3,-0.3442734072775729,-0.5978798591600336,551.77,-0.11079651448180916,-0.7414294898646496,142.7,0,85.51,Success,False,True,False,True
MSN_0084,1.0118402433309417,1019.2,-0.6475060516898243,-0.7046403953660222,512.78,0.9361135397769862,-0.22009058327960626,166.95,0,94.68,Success,False,True,False,True
MSN_0085,-0.9836683572057182,1123.0,-0.32699870932529806,-0.4589291060805288,635.83,-0.8810231972579227,-0.6770666618911875,219.81,0,80.42,Success,False,False,False,True
MSN_0086,0.014085943062611756,1778.1,1.1724450729321512,1.0900317186707507,1049.39,-0.6940749732831384,0.5844447663886706,312.39,0,75.72,Success,False,False,False,True
MSN_0087,1.0118402433309417,1549.0,0.623479850148791,0.4285485435582109,876.41,0.4500481574425451,-1.1147338921107304,289.53,0,88.46,Success,False,False,False,True
MSN_0088,0.5129630931967767,1378.1,0.21666071337272008,0.11472462146788484,843.45,0.4874378022375021,-0.8959002770009588,178.45,0,100.0,Success,False,True,False,True
MSN_0089,1.5107173934651066,1573.3,0.7160845702429496,0.7199056094782328,846.97,-0.5594722520212932,-0.9216454081903437,286.08,0,83.76,Success,False,False,False,True
MSN_0090,-0.9836683572057182,1440.5,0.39903216746887826,0.10092530653049656,794.1,-3.1617915297502983,0.73891555352498,420.91,0,42.84,Failure,True,False,False,True
MSN_0091,-0.9836683572057182,1371.0,0.15336128444759906,-0.06609060130601033,806.22,-0.8660673393399398,-0.18147288649552895,240.66,0,79.48,Success,False,False,False,True
MSN_0092,0.014085943062611756,684.5,-1.4759512092010583,-1.1303320734256401,489.15,0.30796750722170846,0.3463023028868608,184.83,0,83.09,Success,False,False,True,False
MSN_0093,-0.9836683572057182,1675.6,0.9651486975048539,0.8248000461553217,906.82,0.8987238949820292,0.6938615739435564,469.4,0,90.01,Success,True,False,False,True
MSN_0094,-0.9836683572057182,1091.3,-0.5133803611603767,-0.6449988722647465,655.15,0.038762064698018864,-0.5676498543363019,137.88,0,91.26,Success,False,True,False,True
MSN_0095,1.0118402433309417,1663.4,0.9183219269842232,0.5465793387611053,863.54,-0.4099136728414652,0.23044921253462886,303.83,0,81.23,Success,False,False,False,True
MSN_0096,0.014085943062611756,1735.5,1.0077801842370746,1.2166809472242208,1018.48,1.6240830040041943,-0.3488162392265305,195.35,0,100.0,Success,False,True,False,True
MSN_0097,1.0118402433309417,954.7,-0.7091397061695476,-1.0300292237472908,463.18,-0.2902668094976028,-0.6191401167150716,151.07,0,85.77,Success,False,True,False,True
MSN_0098,1.5107173934651066,1613.6,0.7898722086390948,0.7503524965286988,935.81,0.8164666764331238,-0.9216454081903437,208.87,0,100.0,Success,False,True,False,True
MSN_0099,1.5107173934651066,1097.0,-0.4231200643597411,-0.8788997158475994,556.77,-1.3670885795923637,-0.9988808017584984,253.89,0,74.97,Success,False,False,False,True
MSN_0100,1.0118402433309417,1093.3,-0.4175674828750815,-0.2604595996055973,635.29,-1.0978831370686732,1.5627597515852956,245.72,0,74.55,Success,False,False,False,True
MSN_0101,1.5107173934651066,1335.1,0.14922769600901928,0.3951797375085468,805.77,0.8538563212280808,0.037360728614242215,188.34,0,97.99,Success,False,True,False,True
MSN_0103,-1.4825455073398832,1266.9,-0.05337983283123201,-0.4510227370238755,604.43,-0.30522266741558557,-0.4067427844026465,149.42,0,91.51,Success,False,True,False,True
MSN_0104,1.0118402433309417,711.7,-1.3238104765213812,-1.1567030062419306,481.57,-1.9428891094347007,0.8483323610798653,184.69,0,64.06,Success,False,False,True,False
MSN_0105,0.5129630931967767,1190.9,-0.20144867242215853,-0.44142214602651125,672.58,-0.05845101176886935,0.6745527255515178,154.38,0,86.54,Success,False,True,False,True
MSN_0106,0.5129630931967767,2111.5,2.0195222260919095,1.6650359129834997,1180.45,0.3378792230576741,-0.23296314887429873,238.86,0,87.55,Success,False,True,False,True
MSN_0107,-0.9836683572057182,184.1,-2.6654375539148347,-2.745318445982325,102.81,0.24066614659078586,-0.5740861371336481,98.89,0,83.55,Success,False,False,False,False
MSN_0108,1.5107173934651066,1548.3,0.7158377888436316,0.539483249763053,977.76,-0.5071267493083534,1.427597812841025,314.48,0,69.8,Success,False,False,False,True
MSN_0110,-0.9836683572057182,724.0,-1.3460824978098498,-1.0454245448607118,546.13,-0.7090308312011212,-1.0696799125293068,185.9,0,84.84,Success,False,False,True,False
MSN_0111,-1.4825455073398832,1045.2,-0.5234983985324236,-0.07699255118537081,722.85,-1.1203169239456474,-0.6191401167150716,209.14,0,70.35,Success,False,False,False,True
MSN_0113,0.014085943062611756,1938.4,1.6266462383773181,1.3833776538255211,1077.31,0.24066614659078586,0.0952872737903582,327.99,0,85.24,Success,False,False,False,True
MSN_0114,0.014085943062611756,1648.6,0.9317098178972366,0.8998859982523579,1002.86,-0.04349515385088655,1.2023279149339074,277.1,0,81.52,Success,False,False,False,True
MSN_0115,0.5129630931967767,1652.6,0.9765006418734917,0.7956790719280215,888.25,-0.4398253886774308,0.19826779854789775,502.43,1,74.36,Success,True,False,False,True
MSN_0116,-1.4825455073398832,1242.3,0.022628838158777236,0.029915308667635743,778.01,-0.07340686968685216,0.23688549533197506,371.61,1,73.98,Success,True,False,False,True
MSN_0117,0.5129630931967767,1749.6,1.1251864349627132,1.3060818470232094,1032.77,0.30796750722170846,0.45571911044174623,300.82,0,84.99,Success,False,False,False,True
MSN_0118,1.5107173934651066,1265.7,-0.0966899684115779,0.08759251647533274,830.59,1.6240830040041943,-0.6963755102832261,458.37,1,100.0,Success,True,False,False,True
MSN_0119,0.5129630931967767,1749.8,1.1687433519423778,1.2518912988616142,1112.1,0.8613342501870721,-0.5933949855256867,218.29,0,97.86,Success,False,True,False,True
MSN_0120,-1.4825455073398832,1187.6,-0.22662037515261593,0.15295510786915564,776.43,-0.6192956836932244,0.23044921253462886,230.54,0,75.15,Success,False,False,False,True
MSN_0122,1.5107173934651066,1968.6,1.5868527377372563,1.9339261227332187,1220.67,-0.7838101207910344,-0.43892419838937763,337.88,1,82.68,Success,False,False,False,True
MSN_0124,-1.4825455073398832,902.6,-0.9208164514347429,-0.7430673132966503,541.86,-0.7838101207910344,1.2924358740967543,120.81,0,82.18,Success,False,True,False,True
MSN_0125,0.014085943062611756,865.8,-0.93087279345696,-1.2385658461018119,407.52,0.6594301682943043,0.7968420987010959,116.17,0,94.88,Success,False,True,False,True
MSN_0127,-0.4847912070715532,1563.1,0.6924552512582306,0.8080542582775656,898.08,0.726731528925227,-0.6255763995124178,457.15,0,90.82,Success,True,False,False,True
MSN_0128,-0.4847912070715532,1218.0,-0.1805339488299399,-0.668644317611197,572.04,0.4350922995245623,0.2690669093187062,158.7,0,94.73,Success,False,True,False,True
MSN_0129,-1.4825455073398832,2115.6,2.0375372682421395,2.2091512493047283,1317.94,1.5418257854552888,-0.6835029446885337,357.19,0,98.62,Success,False,False,False,True
MSN_0130,-0.4847912070715532,1719.6,1.0087056144845177,1.2980527082607076,1086.51,1.1155838347927798,-0.6899392274858799,493.71,0,86.21,Success,True,False,False,True
MSN_0131,-0.4847912070715532,1359.9,0.1489192192598718,0.18011176680287747,805.77,-0.6417294705701986,-1.4751657287621183,423.24,0,82.28,Success,True,False,False,True
MSN_0132,-1.4825455073398832,1797.2,1.2101409316780078,1.2150358331658488,1065.59,0.988459042489926,0.20470408134524395,486.94,0,98.78,Success,True,False,False,True
MSN_0133,-0.4847912070715532,1037.5,-0.5476212803157785,-0.7965949050466627,549.21,-0.05845101176886935,-0.8251011662301505,221.88,0,84.13,Success,False,False,False,True
MSN_0134,0.5129630931967767,584.3,-1.805527767990529,-1.583524165595356,295.25,-2.040102185901589,1.2409456117179845,104.0,0,69.8,Success,False,True,True,False
MSN_0136,1.5107173934651066,1288.6,0.04718358739093933,-0.22591220437978604,730.62,-0.5744281099392761,0.32055717169747594,177.84,0,89.86,Success,False,True,False,True
MSN_0137,-0.9836683572057182,1173.3,-0.29497882276376025,-0.4007117115670977,657.63,0.12849721220591567,-0.02700209935921964,370.71,0,81.19,Success,True,False,False,True
MSN_0138,-1.4825455073398832,1566.7,0.6738849509595353,0.6019730300400172,929.06,1.6240830040041943,-0.8637188630142278,187.04,0,100.0,Success,False,True,False,True
MSN_0139,0.014085943062611756,1176.5,-0.20434835386414732,-0.35386279181525204,646.58,0.3827467968116225,1.2345093289206386,386.39,0,83.89,Success,True,False,False,True
MSN_0140,1.5107173934651066,1526.2,0.6032437754046979,0.22295839414405733,866.58,-1.0156259185197678,-0.5805224199309943,502.43,0,70.27,Success,True,False,False,True
MSN_0142,0.014085943062611756,1165.4,-0.20718633995630661,-0.33215710782121044,688.29,0.5323053759914504,-0.8057923178381119,233.44,0,93.77,Success,False,False,False,True
MSN_0143,-0.9836683572057182,1495.3,0.424697432997972,0.43822279637908435,936.91,-1.1427507108226216,-0.11067377572472051,283.97,0,73.19,Success,False,False,False,True
MSN_0144,-1.4825455073398832,585.9,-1.7129847432462,-1.844925423288307,386.45,-1.6736836669110102,-0.5612135715389557,154.75,0,63.97,Success,False,False,True,False
MSN_0147,1.0118402433309417,1280.4,0.045332726896052326,0.28719150424407197,900.89,-0.20800959094869736,0.3656111512788995,190.74,0,92.42,Success,False,True,False,True
MSN_0148,0.5129630931967767,1322.9,0.12936179336390313,0.19973036579749215,808.6,0.2182323597138125,1.5241420548012181,263.37,0,83.69,Success,False,False,False,True
MSN_0149,-0.4847912070715532,1334.6,0.1262770258724255,0.04489321278117169,765.41,-1.3745665085513552,0.7775332503090573,174.74,0,72.57,Success,False,True,False,True
MSN_0150,0.014085943062611756,1002.4,-0.5333696545051518,-0.8099276951018266,519.83,1.0931500479158056,-0.8057923178381119,374.44,0,91.81,Success,True,False,False,True
MSN_0151,1.0118402433309417,2116.6,2.0380308310407753,2.1803249223714642,1232.68,-2.1298373334094856,-0.5612135715389557,591.7,0,65.88,Success,True,False,False,True
MSN_0152,-0.4847912070715532,748.1,-1.2624852987908057,-1.358045323833721,458.73,-0.6043398257752416,1.4790880752197946,162.48,0,73.56,Success,False,False,True,False
MSN_0153,-0.4847912070715532,786.3,-1.3190599345845058,-1.310926310729008,475.54,0.5996067366223731,-1.050371064137268,306.69,0,88.36,Success,True,False,False,True
MSN_0154,-1.4825455073398832,1863.9,1.4425473144859327,1.3307831118399587,1097.66,-1.1277948529046389,0.5458270696045934,183.57,0,77.52,Success,False,True,False,True
MSN_0155,-0.4847912070715532,1009.5,-0.7407894206321081,-0.817269323511576,524.48,0.8164666764331238,0.4235376964550155,208.0,0,85.21,Success,False,False,False,True
MSN_0156,0.5129630931967767,923.5,-0.9632628521174752,-0.9683988314112671,472.5,-0.8436335524629657,1.1701465009471763,145.02,0,75.77,Success,False,True,False,True
MSN_0158,1.0118402433309417,1605.5,0.8231876975470531,0.5027259998319669,857.21,1.5717375012912544,0.7517881191196724,299.24,0,91.62,Success,False,False,False,True
MSN_0159,-0.4847912070715532,1012.6,-0.6391771794628349,-0.8662789900863579,500.41,0.30048957826271705,-0.8765914286089201,130.99,0,98.99,Success,False,True,False,True
MSN_0160,-1.4825455073398832,1325.9,0.11227218146111716,0.41718006879662545,778.87,0.7117756710072441,-0.8830277114062663,244.99,0,94.52,Success,False,False,False,True
MSN_0161,0.5129630931967767,1995.6,1.711724125792271,1.5712889655974687,1178.92,1.2726203429315983,-0.3359436736318381,330.84,0,93.86,Success,False,False,False,True
MSN_0162,-0.9836683572057182,1496.6,0.5509878140990666,0.38567736227586136,790.68,-2.810328868677703,-0.43892419838937763,242.56,0,56.81,Failure,False,False,False,True
MSN_0163,1.5107173934651066,1729.3,1.1011869438790174,1.2989366501428181,1128.99,0.8389004633100979,-0.3295073908344919,319.45,0,90.46,Success,False,False,False,True
MSN_0164,1.5107173934651066,1558.6,0.6557465181096471,0.273834160247739,849.0,-0.7239866891191032,1.5241420548012181,310.19,0,71.81,Success,False,False,False,True
MSN_0165,1.0118402433309417,1576.2,0.771857166488865,0.9012610189578627,997.34,-0.5744281099392761,-1.1919692856788848,198.9,0,92.63,Success,False,True,False,True
MSN_0166,1.5107173934651066,1240.7,-0.052269316534300024,-0.09472049670991631,822.5,0.6220405234993474,-0.9538268221770747,163.61,0,99.55,Success,False,True,False,True
MSN_0167,-0.4847912070715532,1250.3,-0.07855153556168942,0.007423898556162952,699.91,-0.27531095157962,-0.5547772887416094,161.04,1,95.28,Success,False,True,False,True
MSN_0168,-1.4825455073398832,1349.5,0.15811182638447452,0.23761709702238648,864.14,0.7940328895561496,-1.0053170845558446,404.28,0,100.0,Success,True,False,False,True
MSN_0169,1.5107173934651066,1536.3,0.5906579240394686,0.4097893325045366,847.64,0.08362963845196728,-0.5933949855256867,199.8,0,95.56,Success,False,True,False,True
MSN_0170,1.5107173934651066,1160.6,-0.3512449818083123,-0.08899942841736871,869.19,0.31544543618069987,2.0712260925756465,166.2,0,95.64,Success,False,True,False,True
MSN_0171,-0.9836683572057182,1268.3,0.023924440505197365,-0.17076405251257176,701.62,-0.424869530759448,0.9191314718506738,241.06,0,87.41,Success,False,False,False,True
MSN_0172,-0.9836683572057182,1113.3,-0.3762315984892812,-0.3166635709431101,657.89,-1.0679714212327076,-0.014129533764527195,200.21,0,71.44,Success,False,False,False,True
MSN_0173,0.014085943062611756,1269.1,0.018001686921560782,0.26641887001448045,848.77,-0.7015529022421298,-0.2844534112530683,239.35,0,81.7,Success,False,False,False,True
MSN_0174,0.5129630931967767,816.2,-1.2467529845842698,-0.8590110235001179,542.04,0.016328277821044658,-1.3914940523966175,186.89,1,86.78,Success,False,False,False,True
MSN_0175,-0.4847912070715532,2224.2,2.322631479804502,2.170159590727196,1254.77,1.6240830040041943,-0.4131790671999927,251.42,0,100.0,Success,False,True,False,True
MSN_0176,1.5107173934651066,975.6,-0.7673184210588158,-0.6592401581431904,552.78,1.6240830040041943,-0.30376225964510695,238.19,0,98.51,Success,False,False,False,True
MSN_0177,1.5107173934651066,1115.9,-0.4235519318085483,-0.5247336684154065,707.07,-0.6043398257752416,-0.4968507435654934,415.03,0,73.28,Success,True,False,False,True
MSN_0178,-1.4825455073398832,924.9,-0.8472138990880865,-0.2585443921943584,641.04,0.1957985728368383,0.2755031921160524,300.47,0,85.26,Success,True,False,False,True
MSN_0179,0.014085943062611756,1520.0,0.4807785059930356,0.683074697723637,940.46,-0.19305373303071457,0.410665130860323,193.04,0,93.95,Success,False,True,False,True
MSN_0180,0.5129630931967767,1186.8,-0.27042407353159814,-0.2556961350186694,752.72,0.2780557913857429,-0.8444100146221892,258.28,0,84.49,Success,False,False,False,True
MSN_0181,0.014085943062611756,889.6,-0.9809694175185568,-0.9038219661348761,596.76,0.4201364416065795,1.1637102181498302,208.46,0,83.43,Success,False,False,False,True
MSN_0183,0.5129630931967767,1517.8,0.6435925341932252,0.6738424158438184,916.74,-3.124401884955341,-1.5330922739382342,479.88,0,54.63,Failure,True,False,False,True
MSN_0184,1.5107173934651066,1217.2,-0.15092018091175452,-0.24084100061098257,683.53,0.5397833049504419,-0.6513215307018028,262.79,0,94.89,Success,False,False,False,True
MSN_0185,1.5107173934651066,983.6,-0.7031552572360811,-0.8292270928612347,483.01,-0.3201785253335684,1.2216367633259462,163.95,0,76.92,Success,False,True,False,True
MSN_0186,0.5129630931967767,2045.0,1.938639622465366,1.7949999235948835,1227.89,-0.6641632574471729,-1.623200233101081,356.43,1,86.9,Success,False,False,False,True
MSN_0187,1.5107173934651066,1368.3,0.22566823444783501,-0.09643927259179756,740.75,1.0183707583258916,-1.7133081922639282,275.98,0,92.34,Success,False,False,False,True
MSN_0188,-0.4847912070715532,766.8,-1.2680995756252953,-1.0920279252008604,567.57,1.6240830040041943,1.3567987020702166,175.41,0,99.3,Success,False,False,False,True
MSN_0189,0.5129630931967767,1783.8,1.2195803202019293,0.9713870749386129,958.6,0.8987238949820292,-0.7349932070673034,312.06,0,93.14,Success,False,False,False,True
MSN_0190,0.014085943062611756,916.5,-0.8810229507946815,-1.160017788299844,533.36,-0.4547812465954136,-0.9860082361638058,348.66,0,77.35,Success,True,False,False,True
MSN_0191,0.5129630931967767,2253.0,2.4483666027571305,2.327624015448678,1389.13,-1.075449350191699,0.1853952329532053,244.85,1,82.24,Success,False,True,False,True
MSN_0192,1.5107173934651066,1255.5,-0.01531380198639789,-0.10201301723732634,739.81,-3.2440487482992038,0.26263062652135993,257.16,0,53.44,Failure,False,False,False,True
MSN_0193,-0.4847912070715532,1660.3,0.8487295723764879,0.9008190480168073,873.97,0.3304012940986827,-0.5612135715389557,192.82,0,100.0,Success,False,True,False,True
MSN_0194,-0.4847912070715532,438.7,-2.013934659714758,-2.166925807788153,207.25,0.7790770316381668,0.29481204050809107,248.81,0,80.31,Success,True,False,True,False
MSN_0195,1.0118402433309417,777.5,-1.2774155734495576,-1.3560810085401422,520.31,0.016328277821044658,0.5908810491860169,336.86,0,75.79,Success,True,False,False,True
MSN_0196,0.014085943062611756,1763.2,1.1453608143569776,1.2774273976781343,1089.39,1.1754072664647102,0.983494299824136,304.82,0,93.85,Success,False,False,False,True
MSN_0197,-0.9836683572057182,1366.1,0.2050619876047642,0.3259621773510769,876.71,-1.3521327216743808,0.31412088890012974,251.14,0,69.53,Success,False,False,False,True
MSN_0198,-0.9836683572057182,2060.1,1.8010589923454636,1.9298992763813831,1229.52,-0.06592894072786075,-0.23939943167164493,332.05,0,91.16,Success,False,False,False,True
MSN_0199,0.5129630931967767,1444.5,0.35997901102677116,0.34946029905050885,836.61,-0.15566408823575756,-1.0246259329478833,256.0,1,90.86,Success,False,False,False,True
MSN_0200,1.0118402433309417,1350.6,0.04539442224588182,0.11705724587900936,697.63,0.0013724199030618574,2.418785363632342,277.03,0,76.57,Success,False,False,False,True
MSN_0201,-1.4825455073398832,1876.3,1.4967775269861094,1.4707651304485923,1161.52,1.4371347800294092,-0.8830277114062663,206.18,0,100.0,Success,False,True,False,True
MSN_0203,1.0118402433309417,1189.6,-0.27067085493091647,0.0889429832396678,736.58,-0.20053166198970598,1.1508376525551378,261.37,0,82.79,Success,False,False,False,True
MSN_0204,0.014085943062611756,833.2,-1.1015838264353324,-0.7804138578158105,562.74,-0.925890771011871,-0.8251011662301505,208.11,0,80.19,Success,False,False,False,True
MSN_0205,0.014085943062611756,402.8,-2.2837901198692214,-2.005360874891326,256.67,1.6166050750452028,-0.046310947751258304,152.32,1,88.27,Success,False,False,True,False
MSN_0206,0.014085943062611756,1094.4,-0.49406971666372673,-0.6010964254532687,636.51,-1.4792575139772348,0.7904058159037497,218.83,0,64.66,Success,False,False,False,True
MSN_0207,0.014085943062611756,779.0,-1.1869084952496036,-1.0822554566153075,470.71,-0.4921708913903706,-0.26514456286102983,181.32,1,79.18,Success,False,False,False,True
MSN_0208,0.014085943062611756,2180.7,2.3149812564256376,2.4188910147765665,1400.04,1.6240830040041943,-1.1469153060974613,368.86,0,100.0,Success,False,False,False,True
MSN_0209,1.0118402433309417,1004.2,-0.6909395779698295,-1.0016939756374217,521.18,0.6519522393353129,0.7517881191196724,209.73,0,75.61,Success,False,False,False,True
MSN_0210,1.0118402433309417,993.6,-0.7162346713999463,-0.31027954623898035,559.1,0.10606342532894147,-0.16860032090083651,225.75,0,80.52,Success,False,False,False,True
MSN_0211,-0.4847912070715532,687.4,-1.4968659327932765,-1.9022343219784579,319.69,0.15093099908288987,-1.6553816470878122,119.39,0,86.15,Success,False,True,True,False
MSN_0214,0.014085943062611756,1887.2,1.5191112436244074,1.410436096994564,1127.48,-0.26035509366163717,0.8740774922692502,332.01,0,77.96,Success,False,False,False,True
MSN_0215,-1.4825455073398832,1280.8,0.06686440398656628,-0.036699533725842844,844.92,0.3304012940986827,0.10172355658770443,371.31,0,86.76,Success,True,False,False,True
MSN_0216,1.5107173934651066,1215.8,-0.09724522656004372,0.005975216027148495,769.45,-1.56151473252614,0.6681164427541715,276.48,1,72.22,Success,False,False,False,True
MSN_0217,1.0118402433309417,1181.1,-0.21366435168840972,0.19850266873900563,867.97,0.5771729497453989,-0.4904144607681472,156.39,0,100.0,Success,False,True,False,True
MSN_0218,-1.4825455073398832,1535.6,0.6385335155072015,0.5170655014750893,866.63,1.265142413972607,-1.262768396449693,442.88,0,94.98,Success,True,False,False,True
MSN_0220,-1.4825455073398832,1480.2,0.5284073160614504,0.36134440657665823,840.45,0.8538563212280808,-0.0784923617379894,426.73,0,84.99,Success,True,False,False,True
MSN_0222,1.0118402433309417,1431.6,0.3367198641410299,0.5346215694114469,885.64,-0.5519943230623018,0.07597842539831955,292.39,1,80.46,Success,False,False,False,True
MSN_0223,-1.4825455073398832,1159.9,-0.32015052549421763,-0.45924830731573557,568.63,-1.0604934922737164,-0.6963755102832261,220.45,0,78.21,Success,False,False,False,True
MSN_0224,0.014085943062611756,864.2,-0.9714066382949761,-1.0582417021513113,487.25,-0.9034569841348968,0.12103240497974309,149.35,0,86.58,Success,False,True,False,True
MSN_0225,0.5129630931967767,1158.5,-0.3436564537792772,-0.12263832781989964,799.31,0.45752608640153647,-0.05918351334595074,228.45,0,89.42,Success,False,False,False,True
MSN_0227,-0.4847912070715532,681.4,-1.507292446914471,-1.3010310724376064,391.16,1.5567816433732715,1.5691960343826417,173.87,0,83.66,Success,False,False,True,False
MSN_0228,1.5107173934651066,1488.0,0.6804863533912978,0.292740694948431,836.98,1.0183707583258916,0.8032783814984422,195.64,0,93.75,Success,False,True,False,True
MSN_0231,-1.4825455073398832,1059.4,-0.6992684501968193,-0.6593138199666996,595.59,-0.9483245578888453,-0.007693250967180974,157.97,0,83.5,Success,False,True,False,True
MSN_0233,0.5129630931967767,1431.9,0.46375058944007913,0.059257268365463814,759.32,0.20327650179582968,-1.2112781340709233,244.98,0,89.66,Success,False,False,False,True
MSN_0234,-1.4825455073398832,1150.3,-0.20767990275494327,-0.26463376960445156,633.93,-1.150228639781613,-0.5354684403495708,216.88,1,75.07,Success,False,False,False,True
MSN_0235,-0.4847912070715532,1100.6,-0.5528036897014611,-0.5518166655256191,623.98,1.4820023537833575,2.3415499700641877,234.68,0,96.37,Success,False,False,False,True
MSN_0236,-0.9836683572057182,1453.4,0.344555173569383,0.035439945430825105,807.28,1.3623554904394952,-1.0310622157452294,249.17,1,88.16,Success,False,False,False,True
MSN_0237,0.014085943062611756,1496.2,0.3812639067179671,0.25004139125427,849.24,-1.1577065687406045,-1.3657489212072325,173.83,0,84.51,Success,False,True,False,True
MSN_0238,1.5107173934651066,781.8,-1.245087210138872,-1.2706824011518196,364.67,-0.5893839678572588,-0.29732597684776074,130.14,0,89.09,Success,False,True,False,True
MSN_0239,-0.4847912070715532,1462.9,0.4398127937062127,0.2527423247829401,836.75,-0.4846929624313792,-1.1919692856788848,166.27,0,82.55,Success,False,True,False,True
MSN_0241,-1.4825455073398832,1409.7,0.3455422991666563,0.5557870666997543,967.81,0.6818639551712785,-0.657757813499149,173.87,0,97.8,Success,False,True,False,True
MSN_0242,0.014085943062611756,603.1,-1.6613457354388643,-1.692126247389074,365.21,0.18084271491885548,-1.2756409620443854,127.51,0,93.2,Success,False,True,True,False
MSN_0244,1.0118402433309417,542.3,-1.7833174420518898,-1.2658207208002128,454.13,-1.314743076879424,0.7968420987010959,169.3,0,77.24,Success,False,False,True,False
MSN_0245,-1.4825455073398832,2396.0,2.8421680207191655,2.9995917234406932,1492.07,0.5547391628684247,-1.0696799125293068,368.55,0,97.07,Success,False,False,False,True
MSN_0247,0.014085943062611756,978.6,-0.7053145944801152,-0.946447608005528,579.75,-0.6342515416112072,-0.9473905393797285,232.43,0,81.01,Success,False,False,False,True
MSN_0248,0.014085943062611756,326.9,-2.1672476040411963,-2.1389097609134904,245.62,-1.5914264483621057,-0.541904723146917,115.12,1,65.78,Success,False,False,True,False
MSN_0249,1.0118402433309417,934.4,-0.9019376743868998,-0.8380419577411679,547.62,0.15840892804188128,-0.4646693295787625,194.24,0,88.65,Success,False,False,False,True
MSN_0250,1.5107173934651066,1154.4,-0.2565426198199488,-0.17631324321693084,633.95,0.5323053759914504,0.6874252911462102,441.51,0,81.56,Success,True,False,False,True
MSN_0251,-0.9836683572057182,605.8,-1.7195244503281322,-1.8877474966883172,317.32,-1.7783746723368898,2.772780917486384,112.0,0,68.45,Success,False,True,True,False
MSN_0252,-0.4847912070715532,1240.1,-0.1528944321063005,0.1147491754090551,784.13,0.15093099908288987,-1.0439347813399218,233.09,0,89.15,Success,False,False,False,True
MSN_0253,-1.4825455073398832,1186.7,-0.2626504594530746,-0.38890126586445745,695.06,0.26309993346776006,1.0671659761896368,222.13,0,87.28,Success,False,False,False,True
MSN_0254,0.5129630931967767,1359.4,0.026762426597357017,0.24463952419692916,865.06,-0.4921708913903706,0.46215539323909244,267.55,0,82.9,Success,False,False,False,True
MSN_0256,-1.4825455073398832,880.8,-0.9826351919639547,-0.34195413034793243,695.68,-0.021061366973912345,0.6745527255515178,185.11,0,84.47,Success,False,False,False,True
MSN_0257,-0.4847912070715532,947.1,-0.8788019182008175,-0.6903991094875783,541.36,0.4425702284835537,0.011615597424857689,342.96,0,80.31,Success,True,False,False,True
MSN_0258,-1.4825455073398832,1265.7,-0.04684012574929941,0.6355628215602087,810.23,0.726731528925227,-1.2692046792470393,250.04,0,98.27,Success,False,False,False,True
MSN_0259,-0.9836683572057182,1042.4,-0.6729862311694296,-0.4426252891438275,612.99,0.726731528925227,0.29481204050809107,358.11,0,84.77,Success,True,False,False,True
MSN_0261,0.014085943062611756,1232.2,-0.05584764682441398,0.08552998541707557,874.46,0.5098715891144763,-0.36168880482122295,230.42,0,86.5,Success,False,False,False,True
MSN_0262,1.0118402433309417,1968.5,1.6368876664490237,1.815453356589269,1194.12,-0.4099136728414652,0.5844447663886706,226.01,0,94.01,Success,False,True,False,True
MSN_0263,1.5107173934651066,1528.6,0.6702449253195922,0.6842041790174448,856.53,-0.5968618968162502,-0.9345179737850361,200.71,1,86.67,Success,False,True,False,True
MSN_0264,0.5129630931967767,1679.1,0.932388466745361,1.0573504229738393,988.34,-1.0604934922737164,1.157273935352484,284.28,0,76.89,Success,False,False,False,True
MSN_0265,-1.4825455073398832,1309.0,0.03361061042843745,0.2059425129134339,869.6,0.30048957826271705,1.0736022589869831,246.89,0,84.84,Success,False,False,False,True
MSN_0266,-1.4825455073398832,1291.6,0.05656128056503123,-0.23539002567130232,675.32,1.6091271460862113,0.08885099099301198,161.75,0,100.0,Success,False,True,False,True
MSN_0267,-0.4847912070715532,1908.4,1.5131884900407708,1.1999842672288037,1085.07,-0.27531095157962,0.2690669093187062,209.0,0,91.75,Success,False,True,False,True
MSN_0268,1.0118402433309417,1077.3,-0.43909915996559545,-0.6863477091945728,603.1,0.6295184524583387,0.5458270696045934,393.62,1,80.41,Success,True,False,False,True
MSN_0269,-0.9836683572057182,1430.0,0.41698551426927793,0.3819451632180624,891.22,-0.7165087601601118,0.6552438771594791,438.55,0,65.99,Success,True,False,False,True
MSN_0270,0.5129630931967767,1144.2,-0.3354509722519468,-0.4143882567986374,752.03,0.34535715201666545,-0.07205607894064318,151.58,0,86.89,Success,False,True,False,True
MSN_0271,0.014085943062611756,1151.2,-0.3376720048458108,-0.5915940502205826,647.31,1.5418257854552888,-1.1855330028815385,403.19,0,90.73,Success,True,False,False,True
MSN_0272,-0.9836683572057182,804.1,-1.1707443135942608,-0.9857830217594366,528.85,0.8987238949820292,0.2819394749133986,117.81,0,100.0,Success,False,True,False,True
MSN_0273,1.0118402433309417,982.4,-0.7762025514342714,-0.6993121901321905,687.93,-1.6362940221160542,-0.9345179737850361,158.15,0,76.09,Success,False,True,False,True
MSN_0274,1.5107173934651066,911.6,-0.9480857960594054,-0.8963084601369384,560.84,0.7715991026791753,-0.8251011662301505,149.8,0,99.04,Success,False,True,False,True
MSN_0275,0.014085943062611756,1511.1,0.46103599404757845,0.40784957115212794,822.4,0.8164666764331238,0.5393907868072471,299.67,0,94.63,Success,False,False,False,True
MSN_0277,-0.4847912070715532,1244.3,-0.17670883714050759,-0.36749022916445234,694.96,0.8762901081050549,1.1444013697577915,153.81,0,94.45,Success,False,True,False,True
MSN_0278,-0.4847912070715532,1359.1,0.12343903978026656,0.3526523114025737,833.17,-0.8062439076680086,-0.541904723146917,238.03,0,82.91,Success,False,False,False,True
MSN_0280,1.5107173934651066,942.8,-0.8393785896597334,-0.7961774880467775,552.92,1.377311348357478,0.1274686877770893,234.26,0,94.39,Success,False,False,False,True
MSN_0281,1.0118402433309417,1562.8,0.7089279096627217,1.0611808377963172,995.1,1.2726203429315983,0.37848371687359195,213.03,0,99.97,Success,False,True,False,True
MSN_0282,0.5129630931967767,1526.1,0.5148343390989486,0.4337539790861935,855.09,0.7416873868432098,1.376107550462255,198.36,0,93.25,Success,False,True,False,True
MSN_0283,0.014085943062611756,549.9,-1.8404473359940556,-1.5721065829514314,336.09,-0.8585894103809484,1.099347390176368,107.94,0,86.25,Success,False,True,True,False
MSN_0284,-0.9836683572057182,1175.9,-0.35105989575882385,-0.1885656598606264,735.62,-1.038059705396742,0.565135917996632,216.17,0,81.58,Success,False,False,False,True
MSN_0285,1.0118402433309417,937.2,-0.9052692232776958,-0.809510278101941,580.14,0.25562200450876865,0.7582244019170187,376.42,0,83.01,Success,True,False,False,True
MSN_0286,1.0118402433309417,1050.7,-0.4508212764332103,-0.423841524148984,676.08,0.3304012940986827,1.8459561946685286,146.57,0,93.18,Success,False,True,False,True
MSN_0287,-0.4847912070715532,1008.0,-0.7094481829186954,-0.7288014734770367,581.18,0.016328277821044658,0.29481204050809107,197.47,0,84.85,Success,False,False,False,True
MSN_0289,-1.4825455073398832,1129.6,-0.39437003133916976,-0.5402763131758462,702.47,0.6220405234993474,0.43641026204970756,122.03,0,96.39,Success,False,True,False,True
MSN_0290,-1.4825455073398832,1115.0,-0.41398915258496755,-0.4228102586198551,662.44,0.25562200450876865,0.6745527255515178,197.99,0,89.78,Success,False,False,False,True
MSN_0291,0.014085943062611756,1625.5,0.9357817109859868,0.6946150500734105,995.31,0.4500481574425451,0.8869500578639427,309.92,1,82.41,Success,False,False,False,True
MSN_0292,-0.4847912070715532,1480.8,0.42660998884268847,0.6644628103169815,874.93,0.7940328895561496,-0.17503660369818272,162.8,0,94.27,Success,False,True,False,True
MSN_0293,1.0118402433309417,995.4,-0.7404192485331307,-1.1530690229488105,510.08,-0.17809787511273176,0.7904058159037497,215.56,0,76.86,Success,False,False,False,True
MSN_0294,0.5129630931967767,1069.2,-0.603147095162376,-0.4614336080798413,612.89,-0.4173916018004566,-0.3809976532132616,154.26,0,89.29,Success,False,True,False,True
MSN_0296,0.014085943062611756,1446.6,0.3647912483134761,0.40642544256428376,841.11,-0.7239866891191032,1.183019066541869,177.38,0,78.2,Success,False,True,False,True
MSN_0297,0.014085943062611756,1017.7,-0.6478145284389721,-0.41254671121090764,637.85,-0.3949578149234824,0.7968420987010959,198.09,0,71.48,Success,False,False,False,True
MSN_0299,0.014085943062611756,1937.0,1.6200448359455557,1.610280624175001,1216.74,-0.4846929624313792,-1.0246259329478833,324.01,0,85.56,Success,False,False,False,True
MSN_0300,-0.4847912070715532,1043.6,-0.6318354328331182,-1.0461611630958036,509.02,0.016328277821044658,0.9641854514320973,155.7,0,81.95,Success,False,True,False,True
MSN_0301,-0.9836683572057182,1962.5,1.6792723717819265,1.5051652020273847,1141.44,-0.3351343832515512,0.31412088890012974,313.05,0,78.53,Success,False,False,False,True
MSN_0302,-0.4847912070715532,1637.6,0.9323267713955316,1.0616473626785423,998.96,-1.8681098198447867,3.6352428123307767,487.34,0,56.27,Failure,True,False,False,True
MSN_0304,-0.4847912070715532,1008.7,-0.6711970660243728,-0.6470859572641737,622.02,-1.0081479895607766,-1.6103276675063887,347.08,0,76.19,Success,True,False,False,True
MSN_0305,0.014085943062611756,1184.7,-0.2450055894018224,-0.43309835996997237,641.11,0.41265851264758807,-1.0439347813399218,167.58,0,94.33,Success,False,True,False,True
MSN_0306,1.5107173934651066,1001.9,-0.50468131683441,-0.6424698163242644,526.18,1.3698334193984867,-1.2048418512735772,220.94,0,93.57,Success,False,False,False,True
MSN_0307,0.014085943062611756,1689.6,0.953673362436557,0.7739488339928097,962.32,-2.3541752021792273,-1.6360727986957735,500.56,0,61.19,Success,True,False,False,True
MSN_0309,-1.4825455073398832,1490.5,0.5876348518978205,0.6011381960402467,860.34,0.6369963814173301,1.7043579731269125,262.05,0,80.14,Success,False,False,False,True
MSN_0310,1.5107173934651066,1527.4,0.538648744133156,0.5161324517106393,873.74,-2.3242634863432623,-1.288513527639078,321.35,1,71.83,Success,False,False,False,True
MSN_0311,-0.9836683572057182,1247.9,-0.1334603969099912,0.014544541495384465,792.8,1.6240830040041943,-0.5290321575522245,161.58,0,100.0,Success,False,True,False,True
MSN_0312,-1.4825455073398832,1728.8,1.1127856696469731,1.244795209863562,988.02,0.5547391628684247,0.8483323610798653,186.65,0,92.4,Success,False,True,False,True
MSN_0314,0.014085943062611756,1567.2,0.6828307766848207,0.6788023119601039,947.11,-0.5071267493083534,-1.7583621718453517,489.78,0,87.41,Success,True,False,False,True
MSN_0316,-1.4825455073398832,1001.8,-0.7585576813830193,-0.9761087689385626,633.16,-0.05097308280987795,-0.7349932070673034,190.38,0,83.67,Success,False,False,False,True
MSN_0317,-0.9836683572057182,1513.1,0.587573156547991,0.757252153997393,1045.36,1.6240830040041943,-0.3230711080371456,255.19,0,100.0,Success,False,False,False,True
MSN_0318,1.5107173934651066,1441.4,0.3096973009156858,0.426166811264747,873.71,1.6091271460862113,-0.10423749292737429,293.43,0,100.0,Success,False,False,False,True
MSN_0319,1.5107173934651066,1327.7,0.1361482818451541,0.14811798145871866,774.37,0.2780557913857429,1.717230538721605,279.04,0,83.16,Success,False,False,False,True
MSN_0320,1.0118402433309417,1087.5,-0.4070792734040576,-0.354329316697477,721.96,0.41265851264758807,-0.8894639942036126,164.63,0,92.59,Success,False,True,False,True
MSN_0321,-0.9836683572057182,1802.6,1.3446367943064326,1.0152158599265817,983.28,0.8389004633100979,-1.0889887609213453,183.91,0,99.1,Success,False,True,False,True
MSN_0323,1.5107173934651066,809.1,-1.1730270415379545,-0.7512192217650007,563.55,0.5547391628684247,-1.436548031978041,209.6,0,89.59,Success,False,False,False,True
MSN_0324,0.014085943062611756,1611.5,0.782838938758526,0.7067201430700878,913.55,0.18084271491885548,0.4814642416311311,271.16,0,84.34,Success,False,False,False,True
MSN_0325,-0.9836683572057182,1570.3,0.7068919631183461,0.6163370856243099,933.63,-0.25287716470264576,1.099347390176368,445.34,0,77.02,Success,True,False,False,True
MSN_0326,-1.4825455073398832,1407.1,0.23831578116289304,-0.033532075314947694,724.08,0.3902247257706139,-0.36168880482122295,260.42,0,84.09,Success,False,False,False,True
MSN_0327,0.014085943062611756,1135.5,-0.35550196094655145,-0.7437548236494027,584.9,-0.5295605361853276,-0.8508462974195354,139.3,0,89.87,Success,False,True,False,True
MSN_0330,-0.9836683572057182,2143.2,2.2389108900857995,2.096669644806193,1350.57,-0.16314201719474897,-1.5330922739382342,565.72,1,90.8,Success,True,False,False,True
MSN_0331,-1.4825455073398832,635.6,-1.6219224068977802,-1.5770173711853774,437.13,0.951069397694969,0.8547686438772116,147.79,0,87.08,Success,False,False,True,False
MSN_0332,1.0118402433309417,1119.3,-0.4767333233616224,0.15361806428073832,829.53,0.5397833049504419,0.37848371687359195,169.87,0,100.0,Success,False,True,False,True
MSN_0333,0.014085943062611756,1044.7,-0.5349120382508906,-0.6602223157899796,583.35,-0.387479885964491,0.680989008348864,139.7,0,88.95,Success,False,True,False,True
MSN_0334,0.5129630931967767,1895.4,1.4162034001087138,1.7870935545382303,1251.11,-0.13323030135878336,0.7775332503090573,212.25,0,94.9,Success,False,True,False,True
MSN_0335,0.5129630931967767,340.6,-2.3852789703388355,-1.9220493525024305,280.22,1.2875762008495812,-0.9731356705691134,142.63,0,93.41,Success,False,False,True,False
MSN_0336,-0.4847912070715532,1472.9,0.38650801145347924,0.573662335871318,902.47,-1.2324858583305185,-0.03987466495391208,245.44,0,71.72,Success,False,False,False,True
MSN_0339,-1.4825455073398832,1832.4,1.3000927517294953,1.3837214090018974,1064.5,0.11354135428793287,-1.3400037900178476,501.24,1,90.79,Success,True,False,False,True
MSN_0340,-0.4847912070715532,1371.5,0.24923585808272444,0.44873188319972945,795.68,-1.3970002954283294,0.005179314627511468,161.7,0,76.17,Success,False,True,False,True
MSN_0341,-0.4847912070715532,660.6,-1.5509727545937941,-1.10482052855029,540.37,1.1978410533416843,-0.5290321575522245,167.29,0,97.18,Success,False,False,True,False
MSN_0342,-0.4847912070715532,1030.5,-0.6201133163655029,-0.8684397369092942,578.69,-0.9109349130938882,-0.03987466495391208,339.97,0,70.68,Success,True,False,False,True
MSN_0343,0.014085943062611756,1104.0,-0.5188095519453777,-0.556408252524359,540.39,0.3827467968116225,-0.6513215307018028,237.8,0,84.74,Success,False,False,False,True
MSN_0344,1.0118402433309417,770.8,-1.3165921205913238,-1.5183580057308912,354.02,-0.5220826072263363,-0.7414294898646496,202.7,0,79.02,Success,False,False,False,True
MSN_0345,-1.4825455073398832,1681.0,0.9794620186653105,0.7717389792875342,959.93,0.05371792261600167,0.44928282764440003,282.8,0,84.37,Success,False,False,False,True
MSN_0346,0.014085943062611756,656.2,-1.434060066666792,-1.3203550241381845,461.87,-1.6736836669110102,0.3398660200895146,121.38,0,81.76,Success,False,True,True,False
MSN_0347,-0.4847912070715532,1971.1,1.7297391679425003,1.475062070153295,1046.91,1.2501865560546241,-0.24583571446899116,327.32,0,92.74,Success,False,False,False,True
MSN_0348,-1.4825455073398832,2003.7,1.7273947446489772,1.4783031903876993,1119.17,-0.9483245578888453,1.1186562385684067,207.46,0,71.66,Success,False,True,False,True
MSN_0349,0.014085943062611756,1112.6,-0.4453920856482097,-0.2552541640776141,727.0,-1.0679714212327076,1.459779226827756,393.82,0,65.28,Success,True,False,False,True
MSN_0350,1.0118402433309417,1335.6,0.21493324357749277,0.2488873560192926,805.63,1.6240830040041943,-0.9666993877717672,269.84,0,96.74,Success,False,False,False,True
MSN_0351,0.014085943062611756,1177.7,-0.15591750424794829,-0.14682395987208452,739.3,0.7491653158022011,2.0776623753729924,156.56,0,91.12,Success,False,True,False,True
MSN_0352,1.0118402433309417,1593.1,0.7455132521116461,0.5473896188197063,871.77,1.2053189823006758,1.285999591299408,299.08,0,85.73,Success,False,False,False,True
MSN_0353,-0.4847912070715532,1701.6,1.0905753437083348,1.3231713900773419,1131.18,0.6444743103763215,-1.5974551019116963,293.89,0,100.0,Success,False,False,False,True
MSN_0354,1.0118402433309417,1322.7,0.14972125880765597,0.09478682123806394,745.59,-0.3800019570054996,-1.3979303351939636,264.97,0,80.8,Success,False,False,False,True
MSN_0355,-1.4825455073398832,1442.7,0.34511043171784916,0.9163125848949072,929.19,-1.337176863756398,0.46215539323909244,255.59,0,74.79,Success,False,False,False,True
MSN_0356,-0.4847912070715532,1047.3,-0.6633617565960194,-0.5956208965724188,618.29,-0.20800959094869736,-0.2265268660769525,134.43,0,97.24,Success,False,True,False,True
MSN_0357,-1.4825455073398832,1395.0,0.31512649170068646,-0.31398719135560965,613.99,-0.9707583447658195,-1.4687294459647722,236.77,0,78.23,Success,False,False,False,True
MSN_0358,0.5129630931967767,1309.9,0.06155860390122466,-0.5504416448201144,522.63,-0.9034569841348968,-0.17503660369818272,178.39,0,80.87,Success,False,True,False,True
MSN_0359,-0.9836683572057182,906.2,-0.9328470446515056,-0.7839250714030819,625.02,-1.6437719510750455,-0.9345179737850361,127.05,0,84.46,Success,False,True,False,True
MSN_0360,1.0118402433309417,1240.6,-0.10205746384674902,0.18954048021205377,759.49,0.25562200450876865,0.07597842539831955,180.96,0,99.46,Success,False,True,False,True
MSN_0361,-0.9836683572057182,1107.3,-0.4436646158529824,-0.6490502725577523,537.1,1.6240830040041943,1.3954163988542938,148.67,0,100.0,Success,False,True,False,True
MSN_0362,-0.9836683572057182,1040.4,-0.6530586331744843,-0.12298208299627611,691.75,0.7566432447611925,1.3889801160569475,133.7,0,95.91,Success,False,True,False,True
MSN_0363,1.0118402433309417,803.2,-1.1500146760515315,-0.7589782671746358,534.09,0.008850348862053258,0.12103240497974309,210.14,0,86.19,Success,False,False,False,True
MSN_0364,-0.4847912070715532,1235.3,-0.031169506892592895,-0.05079349595726818,742.87,0.08362963845196728,-1.5524011223302727,250.21,1,89.17,Success,False,False,False,True
MSN_0366,-1.4825455073398832,1100.6,-0.5250407822781624,-0.28410504495204747,717.87,-0.35009024116953397,-0.29732597684776074,146.7,0,90.79,Success,False,True,False,True
MSN_0367,0.014085943062611756,1625.6,0.9059211616684831,1.288255685733985,1109.5,-1.4717795850182434,-0.4904144607681472,289.35,0,77.37,Success,False,False,False,True
MSN_0368,-1.4825455073398832,1490.4,0.4959555620511058,0.6299645229735102,852.58,0.2780557913857429,1.2924358740967543,266.78,0,79.93,Success,False,False,False,True
MSN_0369,0.014085943062611756,908.2,-0.9947891758803766,-0.9181123598956591,507.13,-0.16314201719474897,1.2409456117179845,199.18,0,86.97,Success,False,False,False,True
MSN_0371,1.0118402433309417,1311.3,0.033857391827755434,0.1538636036924354,791.73,0.25562200450876865,2.322241121672149,291.06,0,80.99,Success,False,False,False,True
MSN_0372,0.5129630931967767,1883.9,1.4857340593666197,1.6452208824595274,1218.55,0.24066614659078586,0.6681164427541715,333.45,0,88.05,Success,False,False,False,True
MSN_0373,0.014085943062611756,1811.9,1.190953677881017,0.8035117791611657,1015.75,1.6240830040041943,-0.47754189517345474,309.22,0,100.0,Success,False,False,False,True
MSN_0374,1.5107173934651066,680.4,-1.5084029632114029,-1.4117447931719211,542.36,0.8987238949820292,-0.632012682309764,191.41,0,87.43,Success,False,False,True,False
MSN_0375,-0.4847912070715532,1560.0,0.7078790887156188,0.7622120501136785,835.17,0.3752688678526311,0.9320040374453662,461.3,1,81.6,Success,True,False,False,True
MSN_0376,-1.4825455073398832,1746.2,1.0818146040325378,1.038419334331977,969.92,-0.9333686999708625,0.8805137750665964,296.06,0,69.42,Success,False,False,False,True
MSN_0378,0.014085943062611756,1133.0,-0.399429050025193,0.06772837806902095,688.9,0.8015108185151409,0.26263062652135993,225.47,0,93.52,Success,False,False,False,True
MSN_0379,-0.4847912070715532,2160.1,2.1443936141469244,2.1058282648625024,1366.53,-0.09584065656382636,-0.5805224199309943,575.52,0,80.54,Success,True,False,False,True
MSN_0380,-0.4847912070715532,1506.7,0.5137855181518465,0.6608042730826916,931.23,0.40518058368859666,1.1765827837445226,272.32,1,99.86,Success,False,False,False,True
MSN_0381,1.0118402433309417,1966.7,1.7401039867138655,2.0358495325287707,1269.07,1.22775276917765,2.753472069094345,344.43,0,85.48,Success,False,False,False,True
MSN_0382,1.5107173934651066,1720.5,1.1616483867119793,1.1025787826084832,967.82,-1.5689926614851315,0.9126951890533276,218.19,0,72.87,Success,False,True,False,True
MSN_0383,1.0118402433309417,1459.9,0.3404832804806327,0.13259989063944913,772.23,1.6240830040041943,-0.9988808017584984,481.16,0,94.45,Success,True,False,False,True
MSN_0384,1.0118402433309417,1038.9,-0.6255425071505035,-0.47631329642869785,733.36,1.2127969112596673,0.7904058159037497,415.04,0,86.74,Success,True,False,False,True
MSN_0385,1.0118402433309417,1260.2,-0.11137346167101142,-0.6507690484396332,600.98,-2.1747049071634343,-1.4816020115594646,158.2,0,70.54,Success,False,True,False,True
MSN_0388,0.5129630931967767,1480.8,0.5127366972047436,-0.11708913711554056,724.17,-0.4099136728414652,-1.108297609313384,447.72,1,73.13,Success,True,False,False,True
MSN_0389,-0.4847912070715532,1817.6,1.361417929460071,0.9545676252373477,1012.9,0.7117756710072441,0.73891555352498,320.61,1,85.37,Success,False,False,False,True
MSN_0390,1.0118402433309417,1136.6,-0.3651264355199617,-0.47653428189922575,603.46,-0.9707583447658195,1.1765827837445226,167.14,0,81.42,Success,False,True,False,True
MSN_0391,-0.4847912070715532,2036.9,1.9132828336854197,1.6331648973451895,1157.61,0.7416873868432098,-1.526655991140888,565.38,0,92.48,Success,True,False,False,True
MSN_0392,-0.4847912070715532,665.9,-1.5304898984503827,-1.553912112544661,350.62,-0.7613763339140602,-0.0012569681698347528,96.27,0,82.19,Success,False,True,True,False
MSN_0393,-0.9836683572057182,1642.0,0.8866722125216626,1.108398066665709,943.04,1.6240830040041943,-0.4968507435654934,185.15,0,100.0,Success,False,True,False,True
MSN_0395,1.0118402433309417,1211.3,-0.27782751551114476,-0.45583530949314277,589.31,0.8538563212280808,0.5844447663886706,443.9,0,86.95,Success,True,False,False,True
MSN_0396,-1.4825455073398832,1217.3,-0.26123146640699507,0.09807704935480761,778.12,-0.7538984049550688,-0.47110561237610854,235.52,0,77.18,Success,False,False,False,True
MSN_0397,0.014085943062611756,1584.4,0.8759372216513205,0.40851252756371065,908.52,1.0408045452028658,-0.12998262411675918,470.08,0,88.79,Success,True,False,False,True
MSN_0398,1.5107173934651066,1416.4,0.3792279601735916,0.3702820411624404,777.98,0.11354135428793287,-0.3230711080371456,173.94,1,88.81,Success,False,True,False,True
MSN_0399,-1.4825455073398832,444.1,-1.9374941212759422,-2.3624242873815473,215.34,-1.4568237271002604,-1.378621486801925,133.23,0,74.87,Success,False,False,True,False
MSN_0400,0.5129630931967767,903.9,-0.8695476157263846,-0.8477898723855509,540.23,-0.14070823031777477,-1.6296365158984272,151.24,1,93.14,Success,False,True,False,True
MSN_0401,0.014085943062611756,1228.7,-0.10156390104811235,-0.2224746526160241,659.7,1.6240830040041943,-0.9087728425956512,144.94,0,100.0,Success,False,True,False,True
MSN_0402,0.5129630931967767,746.6,-1.3565707072808737,-1.0697083926775752,602.14,1.0931500479158056,-0.7478657726619958,118.41,0,100.0,Success,False,True,True,False
MSN_0404,0.014085943062611756,733.4,-1.3334349510947914,-1.48474366026953,371.17,-1.965322896311675,-1.108297609313384,192.68,0,60.21,Success,False,False,True,False
MSN_0405,-0.4847912070715532,1115.7,-0.43163402263621936,-0.6317888519154315,568.99,-0.8062439076680086,0.8097146642957884,145.56,1,81.84,Success,False,True,False,True
MSN_0406,-1.4825455073398832,1081.0,-0.400539566322125,-0.5456536262920169,673.11,-1.4493457981412692,-0.5998312683230329,342.93,0,69.23,Success,True,False,False,True
MSN_0408,0.014085943062611756,1203.0,-0.1739325463981778,0.18720785580092983,845.96,1.0108928293669002,0.9706217342294435,151.46,0,99.58,Success,False,True,False,True
MSN_0409,0.014085943062611756,1433.5,0.376266583381773,0.09765963235492257,786.13,0.1957985728368383,0.7968420987010959,253.58,0,83.5,Success,False,False,False,True
MSN_0410,1.0118402433309417,1395.8,0.26589360253670324,0.43287003720408346,923.97,1.6240830040041943,2.2514420109013407,289.19,0,93.2,Success,False,False,False,True
MSN_0411,0.5129630931967767,1674.3,0.8653873168304674,0.4394750473787411,817.65,-0.9931921316427936,-0.960263104974421,216.57,1,88.97,Success,False,True,False,True
MSN_0412,1.0118402433309417,1600.4,0.7196012051832343,0.5944349701009102,862.49,0.12849721220591567,0.04379701141158844,201.83,0,90.6,Success,False,True,False,True
MSN_0413,0.5129630931967767,1518.8,0.6218140757033932,0.3296698224677062,828.9,-1.4343899402232863,0.10815983938505065,286.78,0,71.55,Success,False,False,False,True
MSN_0414,1.0118402433309417,2407.8,2.784297782579045,2.9441489242794407,1471.92,-0.537038465144319,-1.5395285567355803,277.23,0,99.41,Success,False,True,False,True
MSN_0415,-0.4847912070715532,1372.0,0.23245472292908595,-0.12563390864260682,713.96,-0.11827444344080056,0.8805137750665964,256.21,0,80.86,Success,False,False,False,True
MSN_0416,0.014085943062611756,2209.7,2.3111561447362052,2.317900654745465,1460.36,-0.2902668094976028,-1.35287635561254,356.98,0,89.76,Success,False,False,False,True
MSN_0417,-1.4825455073398832,1411.4,0.2924226029634113,0.2684322931903982,931.14,0.1883206438778469,-1.494474577154157,247.76,1,91.79,Success,False,False,False,True
MSN_0418,0.5129630931967767,1172.4,-0.16572706487084737,-0.2870024100100758,707.21,1.2202748402186585,2.1420252033464546,256.62,0,88.55,Success,False,False,False,True
MSN_0419,0.5129630931967767,1132.1,-0.43434861802872,-0.011335312497511404,780.47,1.100627976874797,-0.2780171284557221,238.38,0,100.0,Success,False,False,False,True
MSN_0420,-1.4825455073398832,1858.5,1.3081131472073375,1.73427802708214,1174.36,-0.7314646180780946,0.680989008348864,193.99,0,84.12,Success,False,True,False,True
MSN_0422,0.5129630931967767,1467.7,0.46603331738377257,0.3353172289367441,835.22,1.0183707583258916,-0.541904723146917,284.68,0,94.13,Success,False,False,False,True
MSN_0423,1.5107173934651066,1679.0,0.9599662881191713,0.5455971811143159,934.27,1.2875762008495812,2.122716354954416,531.16,0,82.37,Success,True,False,False,True
MSN_0425,0.014085943062611756,661.1,-1.5223461122728819,-1.0399735699210315,558.05,0.9211576818590034,-0.9473905393797285,167.07,0,93.87,Success,False,False,True,False
MSN_0426,-1.4825455073398832,1740.7,1.0643548200307749,1.0096175613398832,933.61,0.5023936601554849,0.3977925652656306,485.85,0,84.59,Success,True,False,False,True
MSN_0427,0.014085943062611756,1214.7,-0.20638430040852246,-0.032574471609327964,739.97,-1.0679714212327076,2.431657929227035,403.22,0,67.0,Success,True,False,False,True
MSN_0428,1.5107173934651066,1590.0,0.604415987051459,0.2934036513600143,760.64,1.0258486872848829,0.680989008348864,297.69,0,92.39,Success,False,False,False,True
MSN_0430,0.5129630931967767,1822.0,1.444398174980819,1.4360213036934233,1092.67,-1.8232422460908384,0.5329545040099009,529.86,0,63.27,Success,True,False,False,True
MSN_0431,1.5107173934651066,636.5,-1.5145724981943582,-1.5200767816127723,388.59,-0.20053166198970598,1.2087641977312538,111.18,0,88.78,Success,False,True,True,False
MSN_0432,-1.4825455073398832,730.7,-1.3713158958901366,-1.1595267094764496,503.05,0.17336478595986407,-1.4236754663833486,155.68,0,92.07,Success,False,False,True,False
MSN_0433,-0.4847912070715532,1817.3,1.247590009024546,1.0747837212043478,1163.33,-0.5519943230623018,0.3720474340762457,203.57,0,81.99,Success,False,True,False,True
MSN_0434,-0.9836683572057182,255.0,-2.504289300160043,-2.916803171111723,63.05,1.5044361406603317,-0.6127038339177254,196.78,1,83.61,Success,True,False,True,False
MSN_0435,-1.4825455073398832,1386.2,0.2613281466493163,0.49796253524503903,872.15,1.5493037144142803,0.4750279588337849,154.25,0,100.0,Success,False,True,False,True
MSN_0436,-0.9836683572057182,1226.9,-0.18836925825829332,-0.4177767006800605,598.25,-0.29774473845659416,-0.43248791559203137,151.74,0,90.38,Success,False,True,False,True
MSN_0437,1.5107173934651066,949.9,-0.7700947118011456,-0.681412367019457,668.81,-0.424869530759448,-0.18790916929287516,367.81,1,77.45,Success,True,False,False,True
MSN_0439,-0.9836683572057182,903.0,-0.8733727274158168,-1.3212144120791252,522.4,-0.09584065656382636,1.3053084396914467,209.53,0,77.41,Success,False,False,False,True
MSN_0440,-0.4847912070715532,1857.8,1.3382204779241593,1.5733514966557263,1202.13,-0.537038465144319,2.1098437893597235,224.72,0,82.54,Success,False,True,False,True
MSN_0442,-0.9836683572057182,953.4,-0.7236381133794926,-0.7658288167609905,505.64,1.6240830040041943,-0.0784923617379894,207.03,0,99.33,Success,False,False,False,True
MSN_0443,1.5107173934651066,1349.8,0.1659471358128283,0.04423025636958901,786.82,0.12849721220591567,0.49433680722582357,163.26,0,91.21,Success,False,True,False,True
MSN_0444,1.0118402433309417,788.3,-1.315296518244903,-0.8661807743216791,519.99,-0.07340686968685216,0.037360728614242215,136.83,0,92.86,Success,False,True,False,True
MSN_0445,1.5107173934651066,1662.4,0.9040086058237673,1.1983145992292625,1057.17,0.4949157311964935,0.6166261803754017,308.52,1,86.38,Success,False,False,False,True
MSN_0446,-0.9836683572057182,1630.4,0.8798857240404118,0.372688327397074,905.91,0.038762064698018864,1.4082889644489862,195.24,0,87.01,Success,False,True,False,True
MSN_0447,1.5107173934651066,1100.6,-0.3622884494278024,0.12867126005229193,711.15,-0.3575681701285254,-0.23296314887429873,384.75,0,77.95,Success,True,False,False,True
MSN_0448,-0.4847912070715532,1285.2,-0.07343082152583665,-0.22799928937921346,719.9,-1.000670060601785,-0.8830277114062663,164.74,0,80.65,Success,False,True,False,True
MSN_0451,-0.9836683572057182,1859.5,1.341675417514614,1.2357839134542712,996.19,-1.1277948529046389,1.5241420548012181,220.24,0,76.06,Success,False,True,False,True
MSN_0452,-1.4825455073398832,922.4,-0.7987830494718878,-0.9139872977791444,560.01,0.8613342501870721,-0.8637188630142278,179.4,0,82.63,Success,False,False,False,True
MSN_0453,-1.4825455073398832,959.4,-0.7924901237892732,-0.9031835636644631,601.86,0.9435914687359775,-1.6618179298851583,184.29,0,92.13,Success,False,False,False,True
MSN_0455,-0.4847912070715532,1663.8,0.8322569139719975,0.8171883243927054,956.29,-2.8626743713906424,-1.346440072815194,306.99,0,55.75,Failure,False,False,False,True
MSN_0456,1.0118402433309417,1021.7,-0.6362774980208458,-0.7278929776537567,641.5,0.13597514116490708,1.916755305439337,231.21,0,84.72,Success,False,False,False,True
MSN_0457,1.5107173934651066,511.3,-1.8956646740915055,-1.8628743542833799,272.46,-0.3426123122105426,0.8225872298904808,104.11,0,86.49,Success,False,True,True,False
MSN_0458,0.5129630931967767,883.3,-0.9098963745149122,-1.1918151421146452,394.66,-0.3725240280465082,-0.8251011662301505,201.94,0,84.1,Success,False,False,False,True
MSN_0459,-0.9836683572057182,1393.0,0.30346607058290104,0.6431499893816552,909.52,1.1978410533416843,-0.5161595919575321,253.19,0,96.05,Success,False,False,False,True
MSN_0460,1.5107173934651066,2050.7,1.9374057154687752,1.4775665721526077,1150.2,0.2855337203447343,-1.172660437286846,242.46,0,94.94,Success,False,True,False,True
MSN_0461,-0.9836683572057182,758.4,-1.25502016146143,-1.4232360376393551,466.55,-0.963280415806828,1.1186562385684067,109.63,0,81.09,Success,False,True,False,True
MSN_0462,-0.4847912070715532,764.0,-1.2888909085178546,-1.0518085695648418,531.89,-1.225007929371527,1.0349845622029057,175.42,0,72.56,Success,False,False,False,True
MSN_0463,-0.9836683572057182,621.9,-1.4888455373154348,-1.5412913867834197,427.55,-0.16314201719474897,0.9062589062559814,254.57,0,77.33,Success,True,False,True,False
MSN_0464,-1.4825455073398832,598.5,-1.6037222786980618,-1.5004827365593274,447.99,-0.888501126216914,-0.7478657726619958,161.23,0,83.37,Success,False,False,True,False
MSN_0465,0.5129630931967767,1699.4,1.0267206566347475,1.3489284743643892,1075.04,0.046239993657010266,1.4211615300436786,195.6,0,92.12,Success,False,True,False,True
MSN_0466,0.014085943062611756,1813.5,1.2941699981458588,1.4868479619147656,1118.32,1.2800982718905898,1.5949411655720267,204.44,0,90.32,Success,False,True,False,True
MSN_0467,-0.9836683572057182,1310.8,0.07544005761287402,0.07492268283175214,845.05,-1.4194340823053035,0.7002978567409026,397.23,0,69.48,Success,True,False,False,True
MSN_0468,1.5107173934651066,1073.6,-0.5218943194368553,-0.022360032082720426,696.42,0.22571028867280304,-0.4003065016053003,145.83,0,99.07,Success,False,True,False,True
MSN_0469,-1.4825455073398832,1911.5,1.5685292188378792,1.3373390141322763,1110.64,1.1529734795877369,-0.014129533764527195,196.28,0,100.0,Success,False,True,False,True
MSN_0470,0.014085943062611756,1314.8,0.0719234226725899,0.019651761258688793,731.35,0.03128413573902746,-0.4582330467814163,181.46,0,88.78,Success,False,True,False,True
MSN_0472,0.014085943062611756,1067.0,-0.5669936201622583,-0.5901453676915688,617.28,-0.19305373303071457,1.099347390176368,214.4,0,80.85,Success,False,False,False,True
MSN_0473,-1.4825455073398832,1249.4,-0.048074032745890394,-0.35582710710883036,675.82,0.3229233651396913,2.103407506562377,138.62,0,83.35,Success,False,True,False,True
MSN_0474,1.0118402433309417,808.9,-1.2341054378692118,-1.5893680035937519,460.45,0.6220405234993474,-0.3938702188079541,204.16,0,91.33,Success,False,False,False,True
MSN_0475,1.0118402433309417,1489.9,0.49330266200843464,0.5629813714624855,846.16,-0.5146046782673448,-1.018189650150537,210.05,0,89.39,Success,False,True,False,True
MSN_0476,0.014085943062611756,1352.4,0.08765573687912556,-0.05752127583777436,759.13,1.6240830040041943,-0.36168880482122295,256.96,0,100.0,Success,False,False,False,True
MSN_0477,-0.4847912070715532,950.4,-0.9168679490456516,-0.4068747508007,653.96,0.7790770316381668,1.1186562385684067,136.7,0,94.93,Success,False,True,False,True
MSN_0478,1.5107173934651066,883.5,-0.9044671837299115,-0.9692582193522078,552.16,1.5866933592092372,-0.7993560350407656,212.07,0,91.89,Success,False,False,False,True
MSN_0479,1.5107173934651066,1834.5,1.4063938394858146,1.2579806762717074,1166.25,1.3324437746035296,0.45571911044174623,333.52,0,93.51,Success,False,False,False,True
MSN_0481,-0.9836683572057182,1128.5,-0.2862797784377935,-0.256751954488968,639.78,1.6240830040041943,0.7839695331064035,147.71,0,99.45,Success,False,True,False,True
MSN_0482,-0.9836683572057182,1310.9,-0.026357269605887603,-0.05044974078089227,709.59,0.3378792230576741,0.507209372820516,182.19,0,80.84,Success,False,True,False,True
MSN_0483,1.5107173934651066,1391.4,0.28125574464426195,0.08108572206535448,770.56,-0.686597044324147,-0.44536048118672383,293.57,0,80.45,Success,False,False,False,True
MSN_0484,1.5107173934651066,1319.9,0.047923931588893985,0.9372570967126873,994.63,0.1434530701238985,0.23044921253462886,271.52,1,92.74,Success,False,False,False,True
MSN_0485,1.0118402433309417,619.2,-1.6384567606521,-1.5376328495491298,392.38,-1.000670060601785,0.6230624631727479,120.48,0,83.2,Success,False,True,True,False
MSN_0486,-0.4847912070715532,1375.6,0.30692101017335566,0.49754511824515346,974.1,-2.227050409876374,-0.45179676398407004,271.39,0,64.52,Success,False,False,False,True
MSN_0487,-1.4825455073398832,493.4,-2.021214710994645,-2.2148796548926364,302.4,-0.8286776945449829,-0.5483410059442632,92.85,0,80.03,Success,False,True,True,False
MSN_0488,-0.9836683572057182,1044.0,-0.7670716396594974,-0.8307248832725881,624.54,0.2107544307548211,-1.526655991140888,153.61,0,100.0,Success,False,True,False,True
MSN_0489,1.5107173934651066,1426.7,0.37867270202512543,0.8468494853257397,1095.05,1.3174879166855469,0.9384403202427124,210.16,0,96.85,Success,False,True,False,True
MSN_0490,1.0118402433309417,1466.9,0.4662184034332611,0.7624330355842065,989.9,-0.8286776945449829,-1.40436661799131,187.31,0,89.34,Success,False,True,False,True
MSN_0491,0.5129630931967767,880.0,-0.8386999408116083,-0.8119902261600838,619.39,1.265142413972607,-0.541904723146917,349.52,0,92.41,Success,True,False,False,True
MSN_0492,1.0118402433309417,1111.9,-0.5133186658105472,-0.5779666128713824,661.4,-1.2324858583305185,2.2514420109013407,412.17,0,66.45,Success,True,False,False,True
MSN_0493,-0.9836683572057182,1050.1,-0.6386219213143688,-0.677410074608791,628.9,-0.9034569841348968,0.7710969675117111,217.69,0,75.16,Success,False,False,False,True
MSN_0496,-1.4825455073398832,1451.9,0.5295795277082116,0.6581278934951912,860.87,-0.06592894072786075,0.6552438771594791,243.75,0,83.77,Success,False,False,False,True
MSN_0497,0.014085943062611756,1072.3,-0.5673637922612353,-0.4263951340306359,651.66,0.3902247257706139,1.1250925213657528,144.83,0,86.27,Success,False,True,False,True
MSN_0498,-0.9836683572057182,1408.6,0.25651590936261137,0.4284503277935321,895.37,-1.225007929371527,-0.8508462974195354,433.87,0,74.36,Success,True,False,False,True
MSN_0499,1.0118402433309417,1417.0,0.3801533904210348,0.23437597678798167,823.27,-0.24539923574365438,0.037360728614242215,265.69,0,84.14,Success,False,False,False,True
