mission_id,mission_type,crew_size,mission_duration_days,distance_to_target_km,fuel_capacity_kg,payload_mass_kg,mental_health_score,solar_flare_risk,mission_cost_millions,anomaly_detected,mission_success_score,mission_outcome
MSN_0000,Exploration,9,1173.0,459.67,1188.05,725.61,0.64,0.319,254.79,0,80.82,Success
MSN_0001,Resupply,6,1059.0,434.02,1066.2,618.12,,0.235,161.03,0,93.81,Success
MSN_0002,Exploration,7,1464.7,596.5,1411.42,810.49,0.767,0.045,261.06,0,91.95,Success
MSN_0003,Rescue,9,1833.2,734.71,1895.24,1220.5,0.791,0.199,574.26,0,82.8,Success
MSN_0004,Exploration,5,1678.2,680.75,1535.5,927.37,0.874,0.375,290.14,0,87.37,Success
MSN_0005,Rescue,7,1505.8,600.86,1588.71,978.6,0.906,0.429,460.06,0,88.98,Success
MSN_0006,Exploration,7,1015.7,405.52,921.63,594.77,,0.057,210.97,0,83.44,Success
MSN_0007,Rescue,9,1206.7,472.48,1348.46,815.78,0.947,0.024,434.06,0,98.25,Success
MSN_0008,Exploration,4,1133.8,450.61,1007.1,616.29,0.97,0.015,206.58,0,96.43,Success
MSN_0009,Exploration,5,1063.2,429.46,1011.81,552.76,0.848,0.458,211.99,0,85.76,Success
MSN_0010,Resupply,9,1109.4,439.63,1088.09,608.05,,0.352,162.25,0,100.0,Success
MSN_0011,Exploration,5,1063.3,435.63,1059.65,588.4,0.948,0.412,229.03,0,87.61,Success
MSN_0012,Exploration,5,1071.5,428.99,1099.62,690.05,0.635,0.712,228.77,0,75.17,Success
MSN_0013,Rescue,7,1614.9,642.78,1450.24,873.69,0.958,0.453,486.56,1,89.92,Success
MSN_0014,Resupply,6,857.7,341.8,835.31,456.38,,0.059,130.49,0,81.99,Success
MSN_0015,Exploration,5,986.8,390.58,975.92,,0.696,0.23,192.47,0,80.96,Success
MSN_0016,Exploration,8,640.1,262.49,582.27,376.54,0.829,0.322,164.42,0,88.96,Success
MSN_0017,Exploration,7,1809.6,712.32,1800.0,1045.25,0.478,0.352,306.86,0,57.08,Failure
MSN_0018,Resupply,4,996.9,380.52,820.43,490.86,0.826,0.18,146.98,0,92.73,Success
MSN_0019,Exploration,6,1457.7,599.12,1415.16,876.45,0.947,0.153,278.73,1,96.15,Success
MSN_0020,Exploration,8,1397.9,571.3,1309.17,742.58,0.553,0.158,279.58,0,66.65,Success
MSN_0021,Exploration,8,1745.6,697.83,1677.87,1035.03,,0.124,302.9,0,99.31,Success
MSN_0022,Exploration,4,1164.8,468.5,1289.32,788.64,,0.575,216.66,0,74.52,Success
MSN_0023,Resupply,6,942.1,357.87,1047.13,578.32,0.831,0.297,130.79,0,100.0,Success
MSN_0024,Exploration,7,672.1,266.64,783.05,480.82,0.717,0.056,180.99,0,81.01,Success
MSN_0025,Rescue,3,240.6,82.3,172.83,121.98,0.886,0.25,175.82,0,88.02,Success
MSN_0026,Exploration,6,1259.3,524.2,1349.45,778.37,,0.343,237.09,0,88.53,Success
MSN_0027,Exploration,4,1561.2,616.32,1531.4,891.48,0.897,0.174,274.83,0,93.66,Success
MSN_0028,Exploration,8,1409.0,570.75,1393.96,785.96,0.799,0.164,279.37,0,87.96,Success
MSN_0029,Exploration,7,658.0,270.54,645.93,365.11,,0.548,173.68,0,77.0,Success
MSN_0030,Rescue,6,1633.4,655.82,1779.51,1067.1,0.79,0.566,489.71,0,77.48,Success
MSN_0031,Resupply,3,952.6,395.27,1087.18,625.08,0.898,0.566,139.45,0,93.38,Success
MSN_0032,Resupply,3,921.0,363.96,971.74,508.8,0.904,0.222,139.96,0,100.0,Success
MSN_0033,Resupply,5,984.5,391.91,945.52,532.88,0.883,0.114,143.67,1,100.0,Success
MSN_0034,Exploration,5,1286.1,511.76,1261.1,735.79,0.608,0.109,248.94,0,74.93,Success
MSN_0035,Resupply,9,715.4,277.29,743.52,486.95,,0.476,130.83,0,86.21,Success
MSN_0036,Exploration,4,1274.0,494.44,1178.16,736.64,0.705,0.065,247.17,1,89.22,Success
MSN_0037,Resupply,6,1402.0,564.42,1472.11,925.08,0.9,0.398,165.45,0,94.5,Success
MSN_0038,Exploration,6,1677.2,666.1,1545.78,890.52,0.685,0.065,306.4,0,76.37,Success
MSN_0039,Exploration,9,1323.3,526.39,1332.51,806.58,0.868,0.387,269.92,0,81.4,Success
MSN_0040,Exploration,8,757.1,299.06,508.44,183.91,0.758,0.488,213.76,0,76.59,Success
MSN_0041,Exploration,8,1315.6,522.33,1229.56,759.18,0.518,0.228,271.76,0,64.69,Success
MSN_0042,Exploration,9,892.2,340.96,1063.0,668.35,0.94,0.319,220.38,0,100.0,Success
MSN_0043,Exploration,8,819.3,332.31,912.03,529.64,0.796,0.263,203.95,0,88.85,Success
MSN_0044,Rescue,5,700.8,295.59,858.68,529.98,0.991,0.133,295.42,0,96.51,Success
MSN_0045,Exploration,6,515.8,213.31,447.16,192.55,,0.256,162.67,0,64.35,Success
MSN_0046,Exploration,9,1056.2,414.93,1036.41,581.79,0.756,0.14,236.77,1,88.75,Success
MSN_0047,Resupply,6,1673.9,669.33,1768.36,1099.29,0.768,0.302,198.83,0,99.49,Success
MSN_0048,Rescue,3,2084.5,838.47,2111.72,1292.6,0.841,0.206,555.86,0,92.77,Success
MSN_0049,Exploration,5,1008.0,413.96,1051.61,610.37,0.601,0.015,197.33,0,73.77,Success
MSN_0050,Exploration,7,1662.8,662.92,1789.97,1114.55,0.882,0.173,308.8,0,99.3,Success
MSN_0051,Resupply,5,1118.1,440.81,984.0,597.32,1.0,0.411,154.66,0,98.01,Success
MSN_0052,Exploration,9,638.6,252.39,603.75,337.04,0.871,0.245,202.5,0,84.83,Success
MSN_0053,Rescue,7,1506.5,605.14,1304.02,773.27,0.814,0.223,464.15,0,78.33,Success
MSN_0054,Rescue,3,1341.7,535.22,1203.62,699.4,0.593,0.11,398.4,0,67.45,Success
MSN_0055,Exploration,9,1935.3,772.7,2002.3,1142.19,0.684,0.318,348.28,0,80.1,Success
MSN_0056,Exploration,4,679.2,269.8,571.64,405.82,0.792,0.367,172.9,0,90.27,Success
MSN_0057,Rescue,6,2268.9,919.4,2311.29,1358.37,0.721,0.411,618.07,0,72.54,Success
MSN_0058,Resupply,3,1851.8,738.76,1978.27,1145.34,0.954,0.427,187.75,0,100.0,Success
MSN_0059,Resupply,6,1232.3,497.31,1195.11,640.6,,0.038,165.49,0,98.7,Success
MSN_0060,Resupply,8,1164.0,455.2,1180.24,576.35,1.0,0.23,185.16,1,96.35,Success
MSN_0061,Resupply,4,984.9,392.63,1037.93,657.83,0.653,0.053,140.91,1,83.89,Success
MSN_0062,Rescue,4,1312.0,516.46,1153.62,731.85,0.805,0.194,418.79,0,86.71,Success
MSN_0063,Rescue,3,1173.5,472.41,1091.99,714.84,0.592,0.076,375.13,0,71.01,Success
MSN_0064,Rescue,4,1436.0,577.07,1310.13,778.63,,0.462,440.83,0,54.07,Failure
MSN_0065,Resupply,7,1177.0,455.85,1081.83,633.0,0.908,0.125,165.26,0,100.0,Success
MSN_0066,Rescue,4,1791.5,712.24,1822.06,1067.85,0.874,0.015,503.52,0,90.53,Success
MSN_0067,Resupply,6,1279.0,518.76,1202.5,700.67,0.672,0.335,168.88,0,77.64,Success
MSN_0068,Resupply,6,1176.1,461.48,1138.32,738.98,0.814,0.102,158.13,0,87.26,Success
MSN_0069,Exploration,9,1620.8,653.64,1490.51,892.98,0.706,0.234,315.91,0,82.81,Success
MSN_0070,Rescue,6,647.2,256.62,754.19,471.42,0.726,0.285,284.23,0,80.33,Success
MSN_0071,Rescue,9,1423.8,551.15,1318.76,769.16,0.752,0.056,493.61,0,85.18,Success
MSN_0072,Resupply,6,1223.8,503.84,1368.8,887.33,0.666,0.169,152.62,0,82.85,Success
MSN_0073,Rescue,7,716.5,288.37,710.41,331.01,0.693,0.383,321.42,0,66.73,Success
MSN_0074,Resupply,9,619.5,243.72,461.53,215.89,0.697,0.317,139.35,0,76.49,Success
MSN_0075,Exploration,5,1648.0,651.55,1588.76,972.24,,0.33,285.99,0,85.74,Success
MSN_0076,Exploration,8,1580.0,644.42,1457.03,961.75,0.384,0.168,286.47,0,60.66,Success
MSN_0077,Exploration,3,1276.3,525.88,1328.15,785.64,0.766,0.346,242.71,0,87.19,Success
MSN_0078,Exploration,6,1921.0,757.5,1843.37,1063.9,0.637,0.182,328.56,1,75.89,Success
MSN_0079,Exploration,4,1397.4,566.15,1394.37,886.66,0.642,0.368,259.82,0,75.36,Success
MSN_0080,Resupply,6,1699.6,687.47,1637.84,998.89,0.721,0.017,198.88,0,90.22,Success
MSN_0081,Exploration,4,1446.4,563.05,1343.31,870.5,0.798,0.114,274.88,0,89.99,Success
MSN_0082,Resupply,8,1148.3,458.63,1027.15,551.77,0.768,0.161,142.7,0,85.51,Success
MSN_0083,Exploration,8,855.3,341.37,920.93,613.14,,0.127,214.4,1,80.31,Success
MSN_0084,Resupply,8,1019.2,409.48,983.67,512.78,0.908,0.242,166.95,0,94.68,Success
MSN_0085,Exploration,4,1123.0,461.43,1083.74,635.83,0.665,0.171,219.81,0,80.42,Success
MSN_0086,Exploration,6,1778.1,704.47,1714.58,1049.39,0.69,0.367,312.39,0,75.72,Success
MSN_0087,Exploration,8,1549.0,615.49,1445.18,876.41,0.843,0.103,289.53,0,88.46,Success
MSN_0088,Resupply,7,1378.1,549.55,1317.37,843.45,0.848,0.137,178.45,0,100.0,Success
MSN_0089,Exploration,9,1573.3,630.5,1563.84,846.97,0.708,0.133,286.08,0,83.76,Success
MSN_0090,Rescue,4,1440.5,579.11,1311.75,794.1,0.36,0.391,420.91,0,42.84,Failure
MSN_0091,Exploration,4,1371.0,539.29,1243.73,806.22,0.667,0.248,240.66,0,79.48,Success
MSN_0092,Exploration,6,684.5,275.2,810.3,489.15,0.824,0.33,184.83,0,83.09,Success
MSN_0093,Rescue,4,1675.6,670.87,1606.56,906.82,0.903,0.384,469.4,0,90.01,Success
MSN_0094,Resupply,4,1091.3,431.22,1007.96,655.15,0.788,0.188,137.88,0,91.26,Success
MSN_0095,Exploration,8,1663.4,663.28,1493.25,863.54,0.728,0.312,303.83,0,81.23,Success
MSN_0096,Resupply,6,1735.5,677.78,1766.16,1018.48,1.0,0.222,195.35,0,100.0,Success
MSN_0097,Resupply,8,954.7,399.49,851.15,463.18,0.744,0.18,151.07,0,85.77,Success
MSN_0098,Resupply,9,1613.6,642.46,1576.24,935.81,0.892,0.133,208.87,0,100.0,Success
MSN_0099,Exploration,9,1097.0,445.85,912.7,556.77,0.6,0.121,253.89,0,74.97,Success
MSN_0100,Exploration,8,1093.3,446.75,1164.57,635.29,0.636,0.519,245.72,0,74.55,Success
MSN_0101,Resupply,9,1335.1,538.62,1431.59,805.77,0.897,0.282,188.34,0,97.99,Success
MSN_0102,Rescue,6,1358.0,542.67,1378.68,,0.957,0.293,428.32,0,92.73,Success
MSN_0103,Resupply,3,1266.9,505.78,1086.96,604.43,0.742,0.213,149.42,0,91.51,Success
MSN_0104,Exploration,8,711.7,299.86,799.56,481.57,0.523,0.408,184.69,0,64.06,Success
MSN_0105,Resupply,7,1190.9,481.78,1090.87,672.58,0.775,0.381,154.38,0,86.54,Success
MSN_0106,Resupply,7,2111.5,841.77,1948.76,1180.45,0.828,0.24,238.86,0,87.55,Success
MSN_0107,Exploration,4,184.1,82.4,152.57,102.81,0.815,0.187,98.89,0,83.55,Success
MSN_0108,Exploration,9,1548.3,630.46,1490.36,977.76,0.715,0.498,314.48,0,69.8,Success
MSN_0109,Resupply,7,1590.0,658.57,1534.79,,0.777,0.346,194.83,0,88.67,Success
MSN_0110,Exploration,4,724.0,296.25,844.88,546.13,0.688,0.11,185.9,0,84.84,Success
MSN_0111,Exploration,3,1045.2,429.58,1239.29,722.85,0.633,0.18,209.14,0,70.35,Success
MSN_0112,Exploration,6,850.1,349.89,708.02,,0.913,0.105,190.24,0,96.33,Success
MSN_0113,Exploration,6,1938.4,778.09,1834.05,1077.31,0.815,0.291,327.99,0,85.24,Success
MSN_0114,Exploration,6,1648.6,665.45,1637.14,1002.86,0.777,0.463,277.1,0,81.52,Success
MSN_0115,Rescue,7,1652.6,672.71,1594.7,888.25,0.724,0.307,502.43,1,74.36,Success
MSN_0116,Rescue,3,1242.3,518.1,1282.83,778.01,0.773,0.313,371.61,1,73.98,Success
MSN_0117,Exploration,7,1749.6,696.81,1802.57,1032.77,0.824,0.347,300.82,0,84.99,Success
MSN_0118,Rescue,9,1265.7,498.76,1306.32,830.59,1.0,0.168,458.37,1,100.0,Success
MSN_0119,Resupply,7,1749.8,703.87,1780.5,1112.1,0.898,0.184,218.29,0,97.86,Success
MSN_0120,Exploration,3,1187.6,477.7,1332.94,776.43,0.7,0.312,230.54,0,75.15,Success
MSN_0121,Exploration,3,995.4,398.11,816.52,,0.702,0.19,205.26,0,78.62,Success
MSN_0122,Exploration,9,1968.6,771.64,2058.27,1220.67,0.678,0.208,337.88,1,82.68,Success
MSN_0123,Exploration,3,1203.0,496.87,1156.44,,0.77,0.04,218.35,0,85.13,Success
MSN_0124,Resupply,3,902.6,365.18,968.02,541.86,0.678,0.477,120.81,0,82.18,Success
MSN_0125,Resupply,6,865.8,363.55,766.22,407.52,0.871,0.4,116.17,0,94.88,Success
MSN_0126,Exploration,9,919.1,364.01,805.51,502.29,,0.153,218.72,0,52.59,Failure
MSN_0127,Rescue,5,1563.1,626.67,1599.74,898.08,0.88,0.179,457.15,0,90.82,Success
MSN_0128,Resupply,5,1218.0,485.17,998.33,572.04,0.841,0.318,158.7,0,94.73,Success
MSN_0129,Exploration,3,2115.6,844.69,2170.36,1317.94,0.989,0.17,357.19,0,98.62,Success
MSN_0130,Rescue,5,1719.6,677.93,1799.3,1086.51,0.932,0.169,493.71,0,86.21,Success
MSN_0131,Rescue,5,1359.9,538.57,1344.0,805.77,0.697,0.047,423.24,0,82.28,Success
MSN_0132,Rescue,3,1797.2,710.58,1765.49,1065.59,0.915,0.308,486.94,0,98.78,Success
MSN_0133,Exploration,5,1037.5,425.67,946.22,549.21,0.775,0.148,221.88,0,84.13,Success
MSN_0134,Resupply,7,584.3,221.78,625.73,295.25,0.51,0.469,104.0,0,69.8,Success
MSN_0135,Resupply,4,860.8,351.56,887.07,512.4,,0.298,143.83,0,92.01,Success
MSN_0136,Resupply,9,1288.6,522.08,1178.64,730.62,0.706,0.326,177.84,0,89.86,Success
MSN_0137,Rescue,4,1173.3,466.62,1107.45,657.63,0.8,0.272,370.71,0,81.19,Success
MSN_0138,Resupply,3,1566.7,623.66,1515.81,929.06,1.0,0.142,187.04,0,100.0,Success
MSN_0139,Rescue,6,1176.5,481.31,1126.53,646.58,0.834,0.468,386.39,0,83.89,Success
MSN_0140,Rescue,9,1526.2,612.21,1361.45,866.58,0.647,0.186,502.43,0,70.27,Success
MSN_0141,Rescue,3,1850.1,725.15,1865.11,991.25,,0.267,514.07,0,87.4,Success
MSN_0142,Exploration,6,1165.4,480.85,1135.37,688.29,0.854,0.151,233.44,0,93.77,Success
MSN_0143,Exploration,4,1495.3,583.27,1449.12,936.91,0.63,0.259,283.97,0,73.19,Success
MSN_0144,Exploration,3,585.9,236.78,519.27,386.45,0.559,0.189,154.75,0,63.97,Success
MSN_0145,Rescue,9,1145.1,481.42,1197.77,707.07,,0.036,425.59,0,83.87,Success
MSN_0146,Exploration,9,753.8,315.21,775.04,398.71,,0.26,218.12,0,91.68,Success
MSN_0147,Resupply,8,1280.4,521.78,1387.61,900.89,0.755,0.333,190.74,0,92.42,Success
MSN_0148,Exploration,7,1322.9,535.4,1351.99,808.6,0.812,0.513,263.37,0,83.69,Success
MSN_0149,Resupply,5,1334.6,534.9,1288.93,765.41,0.599,0.397,174.74,0,72.57,Success
MSN_0150,Rescue,6,1002.4,427.98,940.79,519.83,0.929,0.151,374.44,0,91.81,Success
MSN_0151,Rescue,8,2116.6,844.77,2158.62,1232.68,0.498,0.189,591.7,0,65.88,Success
MSN_0152,Exploration,5,748.1,309.8,717.56,458.73,0.702,0.506,162.48,0,73.56,Success
MSN_0153,Rescue,5,786.3,300.63,736.75,475.54,0.863,0.113,306.69,0,88.36,Success
MSN_0154,Resupply,3,1863.9,748.25,1812.63,1097.66,0.632,0.361,183.57,0,77.52,Success
MSN_0155,Exploration,5,1009.5,394.36,937.8,524.48,0.892,0.342,208.0,0,85.21,Success
MSN_0156,Resupply,7,923.5,358.3,876.25,472.5,0.67,0.458,145.02,0,75.77,Success
MSN_0157,Exploration,9,2140.7,845.44,2277.48,,0.616,0.075,368.12,0,83.79,Success
MSN_0158,Exploration,8,1605.5,647.86,1475.39,857.21,0.993,0.393,299.24,0,91.62,Success
MSN_0159,Resupply,5,1012.6,410.83,917.84,500.41,0.823,0.14,130.99,0,98.99,Success
MSN_0160,Exploration,3,1325.9,532.63,1440.55,778.87,0.878,0.139,244.99,0,94.52,Success
MSN_0161,Exploration,7,1995.6,791.88,1910.58,1178.92,0.953,0.224,330.84,0,93.86,Success
MSN_0162,Exploration,4,1496.6,603.74,1427.72,790.68,0.407,0.208,242.56,0,56.81,Failure
MSN_0163,Exploration,9,1729.3,692.92,1799.66,1128.99,0.895,0.225,319.45,0,90.46,Success
MSN_0164,Exploration,9,1558.6,620.72,1382.17,849.0,0.686,0.513,310.19,0,71.81,Success
MSN_0165,Resupply,8,1576.2,639.54,1637.7,997.34,0.706,0.091,198.9,0,92.63,Success
MSN_0166,Resupply,9,1240.7,505.96,1232.07,822.5,0.866,0.128,163.61,0,99.55,Success
MSN_0167,Resupply,5,1250.3,501.7,1273.67,699.91,0.746,0.19,161.04,1,95.28,Success
MSN_0168,Rescue,3,1349.5,540.06,1367.42,864.14,0.889,0.12,404.28,0,100.0,Success
MSN_0169,Resupply,9,1536.3,610.17,1437.54,847.64,0.794,0.184,199.8,0,95.56,Success
MSN_0170,Resupply,9,1160.6,457.5,1234.4,869.19,0.825,0.598,166.2,0,95.64,Success
MSN_0171,Exploration,4,1268.3,518.31,1201.1,701.62,0.726,0.419,241.06,0,87.41,Success
MSN_0172,Exploration,4,1113.3,453.45,1141.68,657.89,0.64,0.274,200.21,0,71.44,Success
MSN_0173,Exploration,6,1269.1,517.35,1379.15,848.77,0.689,0.232,239.35,0,81.7,Success
MSN_0174,Exploration,7,816.2,312.35,920.8,542.04,0.785,0.06,186.89,1,86.78,Success
MSN_0175,Resupply,5,2224.2,890.9,2154.48,1254.77,1.0,0.212,251.42,0,100.0,Success
MSN_0176,Exploration,9,975.6,390.06,1002.16,552.78,1.0,0.229,238.19,0,98.51,Success
MSN_0177,Rescue,9,1115.9,445.78,1056.94,707.07,0.702,0.199,415.03,0,73.28,Success
MSN_0178,Rescue,3,924.9,377.11,1165.35,641.04,0.809,0.319,300.47,0,85.26,Success
MSN_0179,Resupply,6,1520.0,592.36,1548.84,940.46,0.757,0.34,193.04,0,93.95,Success
MSN_0180,Exploration,7,1186.8,470.6,1166.51,752.72,0.82,0.145,258.28,0,84.49,Success
MSN_0181,Exploration,6,889.6,355.43,902.55,596.76,0.839,0.457,208.46,0,83.43,Success
MSN_0182,Rescue,8,1468.7,598.53,1493.3,,0.879,0.344,473.39,0,82.87,Success
MSN_0183,Rescue,7,1517.8,618.75,1545.08,916.74,0.365,0.038,479.88,0,54.63,Failure
MSN_0184,Exploration,9,1217.2,489.97,1172.56,683.53,0.855,0.175,262.79,0,94.89,Success
MSN_0185,Resupply,9,983.6,400.46,932.93,483.01,0.74,0.466,163.95,0,76.92,Success
MSN_0186,Exploration,7,2045.0,828.66,2001.69,1227.89,0.694,0.024,356.43,1,86.9,Success
MSN_0187,Exploration,9,1368.3,551.01,1231.37,740.75,0.919,0.01,275.98,0,92.34,Success
MSN_0188,Exploration,5,766.8,308.89,825.9,567.57,1.0,0.487,175.41,0,99.3,Success
MSN_0189,Exploration,7,1783.8,712.11,1666.26,958.6,0.903,0.162,312.06,0,93.14,Success
MSN_0190,Rescue,6,916.5,371.63,798.21,533.36,0.722,0.123,348.66,0,77.35,Success
MSN_0191,Resupply,7,2253.0,911.28,2218.61,1389.13,0.639,0.305,244.85,1,82.24,Success
MSN_0192,Exploration,9,1255.5,511.95,1229.1,739.81,0.349,0.317,257.16,0,53.44,Failure
MSN_0193,Resupply,5,1660.3,652.0,1637.52,873.97,0.827,0.189,192.82,0,100.0,Success
MSN_0194,Rescue,5,438.7,188.0,388.13,207.25,0.887,0.322,248.81,0,80.31,Success
MSN_0195,Rescue,8,777.5,307.38,718.36,520.31,0.785,0.368,336.86,0,75.79,Success
MSN_0196,Exploration,6,1763.2,700.08,1790.9,1089.39,0.94,0.429,304.82,0,93.85,Success
MSN_0197,Exploration,4,1366.1,547.67,1403.4,876.71,0.602,0.325,251.14,0,69.53,Success
MSN_0198,Exploration,4,2060.1,806.36,2056.63,1229.52,0.774,0.239,332.05,0,91.16,Success
MSN_0199,Exploration,7,1444.5,572.78,1412.97,836.61,0.762,0.117,256.0,1,90.86,Success
MSN_0200,Exploration,8,1350.6,521.79,1318.32,697.63,0.783,0.652,277.03,0,76.57,Success
MSN_0201,Resupply,3,1876.3,757.04,1869.64,1161.52,0.975,0.139,206.18,0,100.0,Success
MSN_0202,Exploration,7,1613.0,651.52,1522.7,967.6,,0.253,295.72,0,84.21,Success
MSN_0203,Exploration,8,1189.6,470.56,1306.87,736.58,0.756,0.455,261.37,0,82.79,Success
MSN_0204,Exploration,6,833.2,335.88,952.81,562.74,0.659,0.148,208.11,0,80.19,Success
MSN_0205,Exploration,6,402.8,144.26,453.93,256.67,0.999,0.269,152.32,1,88.27,Success
MSN_0206,Exploration,6,1094.4,434.35,1025.84,636.51,0.585,0.399,218.83,0,64.66,Success
MSN_0207,Exploration,6,779.0,322.05,829.88,470.71,0.717,0.235,181.32,1,79.18,Success
MSN_0208,Exploration,6,2180.7,889.66,2255.78,1400.04,1.0,0.098,368.86,0,100.0,Success
MSN_0209,Exploration,8,1004.2,402.44,862.69,521.18,0.87,0.393,209.73,0,75.61,Success
MSN_0210,Exploration,8,993.6,398.34,1144.28,559.1,0.797,0.25,225.75,0,80.52,Success
MSN_0211,Resupply,5,687.4,271.81,495.93,319.69,0.803,0.019,119.39,0,86.15,Success
MSN_0212,Exploration,4,1180.4,460.05,1212.72,,0.658,0.184,208.14,0,78.53,Success
MSN_0213,Exploration,9,1027.8,400.32,1139.6,,0.79,0.562,239.68,0,81.62,Success
MSN_0214,Exploration,6,1887.2,760.66,1845.07,1127.48,0.748,0.412,332.01,0,77.96,Success
MSN_0215,Rescue,3,1280.8,525.27,1255.7,844.92,0.827,0.292,371.31,0,86.76,Success
MSN_0216,Exploration,9,1215.8,498.67,1273.08,769.45,0.574,0.38,276.48,1,72.22,Success
MSN_0217,Resupply,8,1181.1,479.8,1351.49,867.97,0.86,0.2,156.39,0,100.0,Success
MSN_0218,Rescue,3,1535.6,617.93,1481.23,866.63,0.952,0.08,442.88,0,94.98,Success
MSN_0219,Exploration,3,1088.0,432.15,984.49,589.79,,0.289,207.72,0,79.12,Success
MSN_0220,Rescue,3,1480.2,600.08,1417.81,840.45,0.897,0.264,426.73,0,84.99,Success
MSN_0221,Resupply,5,1862.2,742.1,1666.39,,0.847,0.267,196.14,0,87.38,Success
MSN_0222,Exploration,8,1431.6,569.01,1488.38,885.64,0.709,0.288,292.39,1,80.46,Success
MSN_0223,Exploration,3,1159.9,462.54,1083.61,568.63,0.641,0.168,220.45,0,78.21,Success
MSN_0224,Resupply,6,864.2,356.98,839.66,487.25,0.662,0.295,149.35,0,86.58,Success
MSN_0225,Exploration,7,1158.5,458.73,1220.7,799.31,0.844,0.267,228.45,0,89.42,Success
MSN_0226,Rescue,3,1513.2,584.46,1420.26,,0.792,0.183,430.82,0,85.01,Success
MSN_0227,Exploration,5,681.4,270.12,740.78,391.16,0.991,0.52,173.87,0,83.66,Success
MSN_0228,Resupply,9,1488.0,624.73,1389.87,836.98,0.919,0.401,195.64,0,93.75,Success
MSN_0229,Exploration,8,1358.9,531.14,1412.68,853.17,,0.569,277.73,0,87.9,Success
MSN_0230,Rescue,5,1176.5,477.62,1195.58,736.22,,0.353,383.36,0,89.49,Success
MSN_0231,Resupply,3,1059.4,401.09,1002.13,595.59,0.656,0.275,157.97,0,83.5,Success
MSN_0232,Exploration,8,1074.3,428.54,1064.48,642.28,,0.019,237.31,0,94.11,Success
MSN_0233,Exploration,7,1431.9,589.6,1294.78,759.32,0.81,0.088,244.98,0,89.66,Success
MSN_0234,Exploration,3,1150.3,480.77,1162.87,633.93,0.629,0.193,216.88,1,75.07,Success
MSN_0235,Exploration,5,1100.6,424.83,1045.91,623.98,0.981,0.64,234.68,0,96.37,Success
MSN_0236,Exploration,4,1453.4,570.28,1285.08,807.28,0.965,0.116,249.17,1,88.16,Success
MSN_0237,Resupply,6,1496.2,576.23,1372.48,849.24,0.628,0.064,173.83,0,84.51,Success
MSN_0238,Resupply,9,781.8,312.62,753.14,364.67,0.704,0.23,130.14,0,89.09,Success
MSN_0239,Resupply,5,1462.9,585.72,1373.58,836.75,0.718,0.091,166.27,0,82.55,Success
MSN_0240,Rescue,8,2178.6,875.25,1898.38,,0.891,0.075,610.92,0,93.81,Success
MSN_0241,Resupply,3,1409.7,570.44,1497.0,967.81,0.874,0.174,173.87,0,97.8,Success
MSN_0242,Resupply,6,603.1,245.15,581.5,365.21,0.807,0.078,127.51,0,93.2,Success
MSN_0243,Resupply,3,1322.0,526.61,1065.51,684.12,,0.343,133.51,0,87.49,Success
MSN_0244,Exploration,8,542.3,225.38,755.12,454.13,0.607,0.4,169.3,0,77.24,Success
MSN_0245,Exploration,3,2396.0,975.11,2492.28,1492.07,0.857,0.11,368.55,0,97.07,Success
MSN_0246,Exploration,4,2092.4,835.35,2013.71,1283.02,,0.454,337.11,0,84.79,Success
MSN_0247,Exploration,6,978.6,400.11,885.19,579.75,0.698,0.129,232.43,0,81.01,Success
MSN_0248,Exploration,6,326.9,163.15,399.54,245.62,0.57,0.192,115.12,1,65.78,Success
MSN_0249,Exploration,8,934.4,368.24,929.34,547.62,0.804,0.204,194.24,0,88.65,Success
MSN_0250,Rescue,9,1154.4,472.85,1198.84,633.95,0.854,0.383,441.51,0,81.56,Success
MSN_0251,Resupply,4,605.8,235.72,501.83,317.32,0.545,0.707,112.0,0,68.45,Success
MSN_0252,Exploration,5,1240.1,489.65,1317.38,784.13,0.803,0.114,233.09,0,89.15,Success
MSN_0253,Exploration,3,1186.7,471.86,1112.26,695.06,0.818,0.442,222.13,0,87.28,Success
MSN_0254,Exploration,7,1359.4,518.77,1370.28,865.06,0.717,0.348,267.55,0,82.9,Success
MSN_0255,Exploration,3,1332.7,534.45,1227.98,798.43,,0.163,231.96,0,90.34,Success
MSN_0256,Exploration,3,880.8,355.16,1131.38,695.68,0.78,0.381,185.11,0,84.47,Success
MSN_0257,Rescue,5,947.1,371.99,989.47,541.36,0.842,0.278,342.96,0,80.31,Success
MSN_0258,Exploration,3,1265.7,506.84,1529.49,810.23,0.88,0.079,250.04,0,98.27,Success
MSN_0259,Rescue,4,1042.4,405.35,1090.38,612.99,0.88,0.322,358.11,0,84.77,Success
MSN_0260,Rescue,4,1558.6,636.12,1486.5,,0.953,0.228,469.11,0,84.65,Success
MSN_0261,Exploration,6,1232.2,505.38,1305.48,874.46,0.851,0.22,230.42,0,86.5,Success
MSN_0262,Resupply,8,1968.5,779.75,2010.02,1194.12,0.728,0.367,226.01,0,94.01,Success
MSN_0263,Resupply,9,1528.6,623.07,1549.3,856.53,0.703,0.131,200.71,1,86.67,Success
MSN_0264,Exploration,7,1679.1,665.56,1701.27,988.34,0.641,0.456,284.28,0,76.89,Success
MSN_0265,Exploration,3,1309.0,519.88,1354.52,869.6,0.823,0.443,246.89,0,84.84,Success
MSN_0266,Resupply,3,1291.6,523.6,1174.78,675.32,0.998,0.29,161.75,0,100.0,Success
MSN_0267,Resupply,5,1908.4,759.7,1759.36,1085.07,0.746,0.318,209.0,0,91.75,Success
MSN_0268,Rescue,8,1077.3,443.26,991.12,603.1,0.867,0.361,393.62,1,80.41,Success
MSN_0269,Rescue,4,1430.0,582.02,1426.2,891.22,0.687,0.378,438.55,0,65.99,Success
MSN_0270,Resupply,7,1144.2,460.06,1101.88,752.03,0.829,0.265,151.58,0,86.89,Success
MSN_0271,Rescue,6,1151.2,459.7,1029.71,647.31,0.989,0.092,403.19,0,90.73,Success
MSN_0272,Resupply,4,804.1,324.67,869.17,528.85,0.903,0.32,117.81,0,100.0,Success
MSN_0273,Resupply,8,982.4,388.62,985.84,687.93,0.564,0.131,158.15,0,76.09,Success
MSN_0274,Resupply,9,911.6,360.76,905.61,560.84,0.886,0.148,149.8,0,99.04,Success
MSN_0275,Exploration,6,1511.1,589.16,1436.75,822.4,0.892,0.36,299.67,0,94.63,Success
MSN_0276,Resupply,9,1637.7,656.03,1568.26,975.33,,0.11,198.14,0,97.84,Success
MSN_0277,Resupply,5,1244.3,485.79,1120.98,694.96,0.9,0.454,153.81,0,94.45,Success
MSN_0278,Exploration,5,1359.1,534.44,1414.27,833.17,0.675,0.192,238.03,0,82.91,Success
MSN_0279,Rescue,3,1250.2,477.13,1127.29,,0.809,0.178,369.07,1,84.31,Success
MSN_0280,Exploration,9,942.8,378.38,946.39,552.92,0.967,0.296,234.26,0,94.39,Success
MSN_0281,Resupply,8,1562.8,629.34,1702.83,995.1,0.953,0.335,213.03,0,99.97,Success
MSN_0282,Resupply,7,1526.1,597.88,1447.3,855.09,0.882,0.49,198.36,0,93.25,Success
MSN_0283,Resupply,6,549.9,216.12,630.38,336.09,0.668,0.447,107.94,0,86.25,Success
MSN_0284,Exploration,4,1175.9,457.53,1193.85,735.62,0.644,0.364,216.17,0,81.58,Success
MSN_0285,Rescue,8,937.2,367.7,940.96,580.14,0.817,0.394,376.42,0,83.01,Success
MSN_0286,Resupply,8,1050.7,441.36,1098.03,676.08,0.827,0.563,146.57,0,93.18,Success
MSN_0287,Exploration,5,1008.0,399.44,973.83,581.18,0.785,0.322,197.47,0,84.85,Success
MSN_0288,Exploration,9,1240.4,493.04,1215.31,720.3,,0.084,259.76,0,80.5,Success
MSN_0289,Resupply,3,1129.6,450.51,1050.61,702.47,0.866,0.344,122.03,0,96.39,Success
MSN_0290,Exploration,3,1115.0,447.33,1098.45,662.44,0.817,0.381,197.99,0,89.78,Success
MSN_0291,Exploration,6,1625.5,666.11,1553.54,995.31,0.843,0.414,309.92,1,82.41,Success
MSN_0292,Resupply,5,1480.8,583.58,1541.26,874.93,0.889,0.249,162.8,0,94.27,Success
MSN_0293,Exploration,8,995.4,394.42,801.04,510.08,0.759,0.399,215.56,0,76.86,Success
MSN_0294,Resupply,7,1069.2,416.67,1082.72,612.89,0.727,0.217,154.26,0,89.29,Success
MSN_0295,Exploration,5,1396.0,573.77,1420.16,,0.966,0.091,258.75,0,100.0,Success
MSN_0296,Resupply,6,1446.6,573.56,1436.17,841.11,0.686,0.46,177.38,0,78.2,Success
MSN_0297,Exploration,6,1017.7,409.43,1102.63,637.85,0.73,0.4,198.09,0,71.48,Success
MSN_0298,Resupply,5,1165.8,464.9,1112.19,643.84,,0.308,161.75,0,99.39,Success
MSN_0299,Exploration,6,1937.0,777.02,1926.46,1216.74,0.718,0.117,324.01,0,85.56,Success
MSN_0300,Resupply,5,1043.6,412.02,844.58,509.02,0.785,0.426,155.7,0,81.95,Success
MSN_0301,Exploration,4,1962.5,786.62,1883.65,1141.44,0.738,0.325,313.05,0,78.53,Success
MSN_0302,Rescue,5,1637.6,665.55,1703.02,998.96,0.533,0.841,487.34,0,56.27,Failure
MSN_0303,Resupply,9,1899.2,758.81,1726.25,1078.6,,0.317,240.9,0,89.6,Success
MSN_0304,Rescue,5,1008.7,405.64,1007.11,622.02,0.648,0.026,347.08,0,76.19,Success
MSN_0305,Resupply,6,1184.7,474.72,1094.26,641.11,0.838,0.114,167.58,0,94.33,Success
MSN_0306,Exploration,9,1001.9,432.63,1008.99,526.18,0.966,0.089,220.94,0,93.57,Success
MSN_0307,Rescue,6,1689.6,669.01,1585.85,962.32,0.468,0.022,500.56,0,61.19,Success
MSN_0308,Exploration,3,1029.3,414.85,887.72,561.42,,0.345,213.73,0,80.76,Success
MSN_0309,Exploration,3,1490.5,609.68,1515.47,860.34,0.868,0.541,262.05,0,80.14,Success
MSN_0310,Exploration,9,1527.4,601.74,1480.85,873.74,0.472,0.076,321.35,1,71.83,Success
MSN_0311,Resupply,4,1247.9,492.8,1276.57,792.8,1.0,0.194,161.58,0,100.0,Success
MSN_0312,Resupply,3,1728.8,694.8,1777.61,988.02,0.857,0.408,186.65,0,92.4,Success
MSN_0313,Exploration,5,1261.6,516.15,1372.7,791.18,,0.325,269.8,0,99.05,Success
MSN_0314,Rescue,6,1567.2,625.11,1547.1,947.11,0.715,0.003,489.78,0,87.41,Success
MSN_0315,Exploration,3,1067.6,425.79,1171.6,758.21,,0.189,190.08,0,83.46,Success
MSN_0316,Exploration,3,1001.8,391.48,873.11,633.16,0.776,0.162,190.38,0,83.67,Success
MSN_0317,Exploration,4,1513.1,609.67,1579.05,1045.36,1.0,0.226,255.19,0,100.0,Success
MSN_0318,Exploration,9,1441.4,564.63,1444.21,873.71,0.998,0.26,293.43,0,100.0,Success
MSN_0319,Exploration,9,1327.7,536.5,1330.97,774.37,0.82,0.543,279.04,0,83.16,Success
MSN_0320,Resupply,8,1087.5,448.45,1126.34,721.96,0.838,0.138,164.63,0,92.59,Success
MSN_0321,Resupply,4,1802.6,732.38,1684.11,983.28,0.895,0.107,183.91,0,99.1,Success
MSN_0322,Exploration,5,829.7,332.51,694.2,378.42,,0.312,183.19,0,97.65,Success
MSN_0323,Exploration,9,809.1,324.3,964.7,563.55,0.857,0.053,209.6,0,89.59,Success
MSN_0324,Exploration,6,1611.5,641.32,1558.47,913.55,0.807,0.351,271.16,0,84.34,Success
MSN_0325,Rescue,4,1570.3,629.01,1521.66,933.63,0.749,0.447,445.34,0,77.02,Success
MSN_0326,Exploration,3,1407.1,553.06,1256.99,724.08,0.835,0.22,260.42,0,84.09,Success
MSN_0327,Resupply,6,1135.5,456.81,967.74,584.9,0.712,0.144,139.3,0,89.87,Success
MSN_0328,Rescue,6,1388.5,575.36,1375.85,,0.874,0.248,452.25,0,90.08,Success
MSN_0329,Resupply,3,1892.3,758.12,1821.73,,0.585,0.358,214.29,0,83.21,Success
MSN_0330,Rescue,4,2143.2,877.33,2124.55,1350.57,0.761,0.038,565.72,1,90.8,Success
MSN_0331,Exploration,3,635.6,251.54,628.38,437.13,0.91,0.409,147.79,0,87.08,Success
MSN_0332,Resupply,8,1119.3,437.16,1333.21,829.53,0.855,0.335,169.87,0,100.0,Success
MSN_0333,Resupply,6,1044.7,427.73,1001.76,583.35,0.731,0.382,139.7,0,88.95,Success
MSN_0334,Resupply,7,1895.4,743.98,1998.47,1251.11,0.765,0.397,212.25,0,94.9,Success
MSN_0335,Exploration,7,340.6,127.81,487.86,280.22,0.955,0.125,142.63,0,93.41,Success
MSN_0336,Exploration,5,1472.9,577.08,1504.28,902.47,0.618,0.27,245.44,0,71.72,Success
MSN_0337,Exploration,9,1158.4,461.48,1109.48,682.2,,0.478,238.51,0,65.78,Success
MSN_0338,Resupply,3,1839.5,745.72,1678.45,1006.8,,0.347,196.0,0,85.96,Success
MSN_0339,Rescue,3,1832.4,725.16,1834.19,1064.5,0.798,0.068,501.24,1,90.79,Success
MSN_0340,Resupply,5,1371.5,554.83,1453.4,795.68,0.596,0.277,161.7,0,76.17,Success
MSN_0341,Exploration,5,660.6,263.04,820.69,540.37,0.943,0.194,167.29,0,97.18,Success
MSN_0342,Rescue,5,1030.5,413.92,916.96,578.69,0.661,0.27,339.97,0,70.68,Success
MSN_0343,Exploration,6,1104.0,430.34,1044.04,540.39,0.834,0.175,237.8,0,84.74,Success
MSN_0344,Exploration,8,770.8,301.03,652.27,354.02,0.713,0.161,202.7,0,79.02,Success
MSN_0345,Exploration,3,1681.0,673.19,1584.95,959.93,0.79,0.346,282.8,0,84.37,Success
MSN_0346,Resupply,6,656.2,281.99,732.91,461.87,0.559,0.329,121.38,0,81.76,Success
MSN_0347,Exploration,5,1971.1,794.8,1871.39,1046.91,0.95,0.238,327.32,0,92.74,Success
MSN_0348,Resupply,3,2003.7,794.42,1872.71,1119.17,0.656,0.45,207.46,0,71.66,Success
MSN_0349,Rescue,6,1112.6,442.24,1166.69,727.0,0.64,0.503,393.82,0,65.28,Success
MSN_0350,Exploration,8,1335.6,549.27,1372.01,805.63,1.0,0.126,269.84,0,96.74,Success
MSN_0351,Resupply,6,1177.7,489.16,1210.85,739.3,0.883,0.599,156.56,0,91.12,Success
MSN_0352,Exploration,8,1593.1,635.27,1493.58,871.77,0.944,0.476,299.08,0,85.73,Success
MSN_0353,Exploration,5,1701.6,691.2,1809.53,1131.18,0.869,0.028,293.89,0,100.0,Success
MSN_0354,Exploration,8,1322.7,538.7,1309.25,745.59,0.732,0.059,264.97,0,80.8,Success
MSN_0355,Exploration,3,1442.7,570.37,1643.83,929.19,0.604,0.348,255.59,0,74.79,Success
MSN_0356,Resupply,5,1047.3,406.91,1028.07,618.29,0.755,0.241,134.43,0,97.24,Success
MSN_0357,Exploration,3,1395.0,565.51,1142.77,613.99,0.653,0.048,236.77,0,78.23,Success
MSN_0358,Resupply,7,1309.9,524.41,1046.47,522.63,0.662,0.249,178.39,0,80.87,Success
MSN_0359,Resupply,4,906.2,363.23,951.38,625.02,0.563,0.131,127.05,0,84.46,Success
MSN_0360,Resupply,8,1240.6,497.89,1347.84,759.49,0.817,0.288,180.96,0,99.46,Success
MSN_0361,Resupply,4,1107.3,442.52,1006.31,537.1,1.0,0.493,148.67,0,100.0,Success
MSN_0362,Resupply,4,1040.4,408.58,1220.56,691.75,0.884,0.492,133.7,0,95.91,Success
MSN_0363,Exploration,8,803.2,328.03,961.54,534.09,0.784,0.295,210.14,0,86.19,Success
MSN_0364,Exploration,5,1235.3,509.38,1249.96,742.87,0.794,0.035,250.21,1,89.17,Success
MSN_0365,Rescue,7,999.6,382.93,1013.25,553.27,,0.564,374.38,0,40.89,Failure
MSN_0366,Resupply,3,1100.6,429.33,1154.94,717.87,0.736,0.23,146.7,0,90.79,Success
MSN_0367,Exploration,6,1625.6,661.27,1795.31,1109.5,0.586,0.2,289.35,0,77.37,Success
MSN_0368,Exploration,3,1490.4,594.82,1527.21,852.58,0.82,0.477,266.78,0,79.93,Success
MSN_0369,Exploration,6,908.2,353.19,896.73,507.13,0.761,0.469,199.18,0,86.97,Success
MSN_0370,Rescue,3,1400.7,552.78,1430.91,,0.67,0.503,413.52,0,72.17,Success
MSN_0371,Exploration,8,1311.3,519.92,1333.31,791.73,0.817,0.637,291.06,0,80.99,Success
MSN_0372,Exploration,7,1883.9,755.25,1940.69,1218.55,0.815,0.38,333.45,0,88.05,Success
MSN_0373,Exploration,6,1811.9,707.47,1597.89,1015.75,1.0,0.202,309.22,0,100.0,Success
MSN_0374,Exploration,9,680.4,269.94,695.69,542.36,0.903,0.178,191.41,0,87.43,Success
MSN_0375,Rescue,5,1560.0,629.17,1581.07,835.17,0.833,0.421,461.3,1,81.6,Success
MSN_0376,Exploration,3,1746.2,689.78,1693.56,969.92,0.658,0.413,296.06,0,69.42,Success
MSN_0377,Rescue,3,1462.2,583.9,1510.18,,0.639,0.234,423.89,0,83.91,Success
MSN_0378,Exploration,6,1133.0,449.69,1298.23,688.9,0.89,0.317,225.47,0,93.52,Success
MSN_0379,Rescue,5,2160.1,862.01,2128.28,1366.53,0.77,0.186,575.52,0,80.54,Success
MSN_0380,Exploration,5,1506.7,597.71,1539.77,931.23,0.837,0.459,272.32,1,99.86,Success
MSN_0381,Exploration,8,1966.7,796.48,2099.78,1269.07,0.947,0.704,344.43,0,85.48,Success
MSN_0382,Resupply,9,1720.5,702.72,1719.69,967.82,0.573,0.418,218.19,0,72.87,Success
MSN_0383,Rescue,8,1459.9,569.62,1324.65,772.23,1.0,0.121,481.16,0,94.45,Success
MSN_0384,Rescue,8,1038.9,413.04,1076.66,733.36,0.945,0.399,415.04,0,86.74,Success
MSN_0385,Resupply,8,1260.2,496.38,1005.61,600.98,0.492,0.046,158.2,0,70.54,Success
MSN_0386,Rescue,8,1122.8,466.71,891.61,512.74,,0.186,411.43,0,82.14,Success
MSN_0387,Exploration,8,821.2,317.82,825.3,515.47,,0.18,207.53,1,93.85,Success
MSN_0388,Rescue,7,1480.8,597.54,1222.96,724.17,0.728,0.104,447.72,1,73.13,Success
MSN_0389,Exploration,5,1817.6,735.1,1659.41,1012.9,0.878,0.391,320.61,1,85.37,Success
MSN_0390,Resupply,8,1136.6,455.25,1076.57,603.46,0.653,0.459,167.14,0,81.42,Success
MSN_0391,Rescue,5,2036.9,824.55,1935.78,1157.61,0.882,0.039,565.38,0,92.48,Success
MSN_0392,Resupply,5,665.9,266.36,637.79,350.62,0.681,0.276,96.27,0,82.19,Success
MSN_0393,Resupply,4,1642.0,658.15,1722.06,943.04,1.0,0.199,185.15,0,100.0,Success
MSN_0394,Exploration,7,1903.3,750.73,1876.39,,0.809,0.374,319.61,0,93.7,Success
MSN_0395,Rescue,8,1211.3,469.4,1085.0,589.31,0.897,0.367,443.9,0,86.95,Success
MSN_0396,Exploration,3,1217.3,472.09,1310.59,778.12,0.682,0.203,235.52,0,77.18,Success
MSN_0397,Rescue,6,1584.4,656.41,1437.02,908.52,0.922,0.256,470.08,0,88.79,Success
MSN_0398,Resupply,9,1416.4,575.9,1421.45,777.98,0.798,0.226,173.94,1,88.81,Success
MSN_0399,Exploration,3,444.1,200.39,308.51,215.34,0.588,0.062,133.23,0,74.87,Success
MSN_0400,Resupply,7,903.9,373.49,925.37,540.23,0.764,0.023,151.24,1,93.14,Success
MSN_0401,Resupply,6,1228.7,497.97,1180.04,659.7,1.0,0.135,144.94,0,100.0,Success
MSN_0402,Resupply,7,746.6,294.55,834.99,602.14,0.929,0.16,118.41,0,100.0,Success
MSN_0403,Resupply,5,1059.2,428.87,1116.31,,0.743,0.324,133.68,0,87.57,Success
MSN_0404,Exploration,6,733.4,298.3,665.96,371.17,0.52,0.104,192.68,0,60.21,Success
MSN_0405,Resupply,5,1115.7,444.47,1013.34,568.99,0.675,0.402,145.56,1,81.84,Success
MSN_0406,Rescue,3,1081.0,449.51,1048.42,673.11,0.589,0.183,342.93,0,69.23,Success
MSN_0407,Exploration,3,1360.9,552.76,1531.34,888.2,,0.3,243.06,0,72.52,Success
MSN_0408,Resupply,6,1203.0,486.24,1346.89,845.96,0.918,0.427,151.46,0,99.58,Success
MSN_0409,Exploration,6,1433.5,575.42,1310.42,786.13,0.809,0.4,253.58,0,83.5,Success
MSN_0410,Exploration,8,1395.8,557.53,1446.94,923.97,1.0,0.626,289.19,0,93.2,Success
MSN_0411,Resupply,7,1674.3,654.7,1449.63,817.65,0.65,0.127,216.57,1,88.97,Success
MSN_0412,Resupply,8,1600.4,631.07,1512.74,862.49,0.8,0.283,201.83,0,90.6,Success
MSN_0413,Exploration,7,1518.8,615.22,1404.91,828.9,0.591,0.293,286.78,0,71.55,Success
MSN_0414,Resupply,8,2407.8,965.73,2469.7,1471.92,0.711,0.037,277.23,0,99.41,Success
MSN_0415,Exploration,5,1372.0,552.11,1219.48,713.96,0.767,0.413,256.21,0,80.86,Success
MSN_0416,Exploration,6,2209.7,889.04,2214.65,1460.36,0.744,0.066,356.98,0,89.76,Success
MSN_0417,Exploration,3,1411.4,561.83,1379.97,931.14,0.808,0.044,247.76,1,91.79,Success
MSN_0418,Exploration,7,1172.4,487.57,1153.76,707.21,0.946,0.609,256.62,0,88.55,Success
MSN_0419,Exploration,7,1132.1,444.03,1266.03,780.47,0.93,0.233,238.38,0,100.0,Success
MSN_0420,Resupply,3,1858.5,726.46,1976.96,1174.36,0.685,0.382,193.99,0,84.12,Success
MSN_0421,Resupply,8,1858.4,746.08,1810.07,1033.55,,0.612,222.15,0,81.21,Success
MSN_0422,Exploration,7,1467.7,589.97,1407.21,835.22,0.919,0.192,284.68,0,94.13,Success
MSN_0423,Rescue,9,1679.0,670.03,1492.85,934.27,0.955,0.606,531.16,0,82.37,Success
MSN_0424,Resupply,5,796.5,308.42,767.94,526.04,,0.113,129.25,0,87.57,Success
MSN_0425,Exploration,6,661.1,267.68,847.1,558.05,0.906,0.129,167.07,0,93.87,Success
MSN_0426,Rescue,3,1740.7,686.95,1681.83,933.61,0.85,0.338,485.85,0,84.59,Success
MSN_0427,Rescue,6,1214.7,480.98,1257.38,739.97,0.64,0.654,403.22,0,67.0,Success
MSN_0428,Exploration,9,1590.0,612.4,1390.14,760.64,0.92,0.382,297.69,0,92.39,Success
MSN_0429,Exploration,7,972.8,392.41,913.81,,0.823,0.237,226.36,0,87.26,Success
MSN_0430,Rescue,7,1822.0,748.55,1855.49,1092.67,0.539,0.359,529.86,0,63.27,Success
MSN_0431,Resupply,9,636.5,268.94,651.57,388.59,0.756,0.464,111.18,0,88.78,Success
MSN_0432,Exploration,3,730.7,292.16,798.41,503.05,0.806,0.055,155.68,0,92.07,Success
MSN_0433,Resupply,5,1817.3,716.65,1708.37,1163.33,0.709,0.334,203.57,0,81.99,Success
MSN_0434,Rescue,4,255.0,108.52,82.73,63.05,0.984,0.181,196.78,1,83.61,Success
MSN_0435,Resupply,3,1386.2,556.79,1473.45,872.15,0.99,0.35,154.25,0,100.0,Success
MSN_0436,Resupply,4,1226.9,483.9,1100.5,598.25,0.743,0.209,151.74,0,90.38,Success
MSN_0437,Rescue,9,949.9,389.61,993.13,668.81,0.726,0.247,367.81,1,77.45,Success
MSN_0438,Exploration,8,1159.7,470.01,1188.97,704.3,,0.227,256.99,0,85.93,Success
MSN_0439,Exploration,4,903.0,372.87,732.56,522.4,0.77,0.479,209.53,0,77.41,Success
MSN_0440,Resupply,5,1857.8,731.34,1911.42,1202.13,0.711,0.604,224.72,0,82.54,Success
MSN_0441,Rescue,8,1965.2,770.67,1850.77,1087.31,,0.089,582.7,0,37.11,Failure
MSN_0442,Exploration,4,953.4,397.14,958.75,505.64,1.0,0.264,207.03,0,99.33,Success
MSN_0443,Resupply,9,1349.8,541.33,1288.66,786.82,0.8,0.353,163.26,0,91.21,Success
MSN_0444,Resupply,8,788.3,301.24,917.88,519.99,0.773,0.282,136.83,0,92.86,Success
MSN_0445,Exploration,9,1662.4,660.96,1758.68,1057.17,0.849,0.372,308.52,1,86.38,Success
MSN_0446,Resupply,4,1630.4,657.05,1422.43,905.91,0.788,0.495,195.24,0,87.01,Success
MSN_0447,Rescue,9,1100.6,455.71,1323.05,711.15,0.735,0.24,384.75,0,77.95,Success
MSN_0448,Resupply,5,1285.2,502.53,1177.79,719.9,0.649,0.139,164.74,0,80.65,Success
MSN_0449,Resupply,4,1223.9,485.94,1405.29,881.15,,0.377,151.76,0,74.3,Success
MSN_0450,Exploration,4,606.3,257.23,586.18,,0.597,0.05,167.93,0,81.39,Success
MSN_0451,Resupply,4,1859.5,731.9,1773.94,996.19,0.632,0.513,220.24,0,76.06,Success
MSN_0452,Exploration,3,922.4,384.96,898.41,560.01,0.898,0.142,179.4,0,82.63,Success
MSN_0453,Exploration,3,959.4,385.98,902.81,601.86,0.909,0.018,184.29,0,92.13,Success
MSN_0454,Resupply,3,1187.0,477.44,1418.85,,0.668,0.334,149.26,0,88.83,Success
MSN_0455,Exploration,5,1663.8,649.33,1603.46,956.29,0.4,0.067,306.99,0,55.75,Failure
MSN_0456,Exploration,8,1021.7,411.3,974.2,641.5,0.801,0.574,231.21,0,84.72,Success
MSN_0457,Resupply,9,511.3,207.17,511.96,272.46,0.737,0.404,104.11,0,86.49,Success
MSN_0458,Exploration,7,883.3,366.95,785.26,394.66,0.733,0.148,201.94,0,84.1,Success
MSN_0459,Exploration,4,1393.0,563.62,1532.58,909.52,0.943,0.196,253.19,0,96.05,Success
MSN_0460,Resupply,9,2050.7,828.46,1872.41,1150.2,0.821,0.094,242.46,0,94.94,Success
MSN_0461,Resupply,4,758.4,311.01,691.01,466.55,0.654,0.45,109.63,0,81.09,Success
MSN_0462,Exploration,5,764.0,305.52,842.28,531.89,0.619,0.437,175.42,0,72.56,Success
MSN_0463,Rescue,4,621.9,273.11,642.93,427.55,0.761,0.417,254.57,0,77.33,Success
MSN_0464,Exploration,3,598.5,254.49,659.55,447.99,0.664,0.16,161.23,0,83.37,Success
MSN_0465,Resupply,7,1699.4,680.85,1820.02,1075.04,0.789,0.497,195.6,0,92.12,Success
MSN_0466,Resupply,6,1813.5,724.2,1876.19,1118.32,0.954,0.524,204.44,0,90.32,Success
MSN_0467,Rescue,4,1310.8,526.66,1301.16,845.05,0.593,0.385,397.23,0,69.48,Success
MSN_0468,Resupply,9,1073.6,429.84,1261.54,696.42,0.813,0.214,145.83,0,99.07,Success
MSN_0469,Resupply,3,1911.5,768.67,1815.3,1110.64,0.937,0.274,196.28,0,100.0,Success
MSN_0470,Resupply,6,1314.8,526.09,1278.65,731.35,0.787,0.205,181.46,0,88.78,Success
MSN_0471,Exploration,7,1669.4,663.42,1627.75,1031.66,,0.186,290.23,0,96.34,Success
MSN_0472,Exploration,6,1067.0,422.53,1030.3,617.28,0.757,0.447,214.4,0,80.85,Success
MSN_0473,Resupply,3,1249.4,506.64,1125.73,675.82,0.826,0.603,138.62,0,83.35,Success
MSN_0474,Exploration,8,808.9,314.4,623.35,460.45,0.866,0.215,204.16,0,91.33,Success
MSN_0475,Resupply,8,1489.9,594.39,1499.93,846.16,0.714,0.118,210.05,0,89.39,Success
MSN_0476,Exploration,6,1352.4,528.64,1247.22,759.13,1.0,0.22,256.96,0,100.0,Success
MSN_0477,Resupply,5,950.4,365.82,1104.94,653.96,0.887,0.45,136.7,0,94.93,Success
MSN_0478,Exploration,9,883.5,367.83,875.9,552.16,0.995,0.152,212.07,0,91.89,Success
MSN_0479,Exploration,9,1834.5,742.39,1782.98,1166.25,0.961,0.347,333.52,0,93.51,Success
MSN_0480,Resupply,6,2009.7,795.75,2069.19,1211.25,,0.412,237.07,0,95.52,Success
MSN_0481,Resupply,4,1128.5,468.03,1166.08,639.78,1.0,0.398,147.71,0,99.45,Success
MSN_0482,Resupply,4,1310.9,510.16,1250.1,709.59,0.828,0.355,182.19,0,80.84,Success
MSN_0483,Exploration,9,1391.4,560.02,1303.67,770.56,0.691,0.207,293.57,0,80.45,Success
MSN_0484,Exploration,9,1319.9,522.2,1652.36,994.63,0.802,0.312,271.52,1,92.74,Success
MSN_0485,Resupply,8,619.2,248.86,644.42,392.38,0.649,0.373,120.48,0,83.2,Success
MSN_0486,Exploration,5,1375.6,564.18,1473.28,974.1,0.485,0.206,271.39,0,64.52,Success
MSN_0487,Resupply,3,493.4,186.82,368.6,302.4,0.672,0.191,92.85,0,80.03,Success
MSN_0488,Resupply,4,1044.0,390.1,932.32,624.54,0.811,0.039,153.61,0,100.0,Success
MSN_0489,Resupply,9,1426.7,575.81,1615.54,1095.05,0.959,0.422,210.16,0,96.85,Success
MSN_0490,Resupply,8,1466.9,590.0,1581.16,989.9,0.672,0.058,187.31,0,89.34,Success
MSN_0491,Rescue,7,880.0,378.49,939.95,619.39,0.952,0.192,349.52,0,92.41,Success
MSN_0492,Rescue,8,1111.9,431.23,1035.26,661.4,0.618,0.626,412.17,0,66.45,Success
MSN_0493,Exploration,4,1050.1,410.92,994.76,628.9,0.662,0.396,217.69,0,75.16,Success
MSN_0494,Exploration,4,1168.1,484.57,1097.93,678.48,,0.467,231.78,0,89.48,Success
MSN_0495,Exploration,8,1188.3,495.98,1073.66,624.35,,0.334,237.26,1,87.76,Success
MSN_0496,Exploration,3,1451.9,600.27,1538.68,860.87,0.774,0.378,243.75,0,83.77,Success
MSN_0497,Resupply,6,1072.3,422.47,1096.99,651.66,0.835,0.451,144.83,0,86.27,Success
MSN_0498,Rescue,4,1408.6,556.01,1445.14,895.37,0.619,0.144,433.87,0,74.36,Success
MSN_0499,Exploration,8,1417.0,576.05,1366.1,823.27,0.75,0.282,265.69,0,84.14,Success
